ed9eaeb6a707f50154024b24d7efcb874a9795dd, 5.403390292250208
ba12c0a2cb367af0467e479c03507c71a805d291, 5.191955901967584
b7298b0fe50443a623af9b56792b330c2d052845, 4.9242783866062565
c60be70309789b39355dc612f36e37090ccad5dc, 5.249890396553386
a22a58c5be8aa2c2700619e37f2b7a6e4efa7e6b, 6.583974233356844
d5841f944022e9ef49bf6ac9b5546dd82ab2784f, 7.210016915030349
eb451c65ea210bed6af798282c2c6205c79f71fd, 6.704564478705741
c3e73d0362e2b21fae6edfcf518063e8a28b7b63, 6.4368562639660265
df9e2c6cfb6035fa5b26af3b101bacf64e95e913, 4.792497093913437
99103791231143dd15aa77f2aeb87b2cd4a1c22e, 4.106027075223202
e2ed5ffddf1e60198f9f138810f84b7107ca0561, 5.089278640236577
8554d1155712da4bc72ec5921db3227311265359, 5.666944372290019
89fe8b96c04597a0fb63dca3a86e5f36e7580940, 5.231267045701745
8b65dcf807a9de0c95c0896919da04523176fab8, 4.822542522684362
b6e252e4989b3b422d69eae06831ad0bfd396126, 4.93414161690294
9e0457ac0f2824c5e725d83bdeee91ed078343b4, 6.43485776763021
c9c6d1fdb1bc64d7137f0fb7050e334cbb7c0f6e, 7.238800330236589
ed6c052a16794cf2376b1497c505b438e9af69b6, 4.656311688514144
c5d903eea354607809419b5e23c869ea16626a59, 5.801963272954559
927008a1eb1983b52fe269b504f398ca185603c3, 5.74974698295566
fd29d68d81bf469540c56ab7074ad748cd72203c, 4.333653465676909
d6f54f87ad964bd1cea20ffceea962f8b6236da3, 6.298322001664298
97983f3249349cfcb409b75d5f53e5cbab2bfa5a, 6.282009419481986
b72f0fecebc0120609eb4643631055b2e7a31fd7, 4.585089189732498
f3a7769633f8060ffee4a0295c55ec9be084e3c0, 4.875588115451617
abf736b0441172883ba772951733e73d557598ab, 5.853781742103456
af99c21153a5cd9289febb0cc7d1f8cbee810621, 3.2859625863940582
f5a2b63a98287f49a07f6101717dd4c1048b9903, 4.546898245355312
a9947ca4f64f3122a22c7827ae089d48db8fd76d, 4.4560797486618835
d28c344507f89c41df926794e0d5a96d10349014, 7.283491572596724
ac6522ed2e2b8a808bb80970ccffcb6572183349, 6.359309190694535
8cf96ad1e77c722694ef03a06a781d61d632f2c0, 6.686594889817211
92de4c1319bb3b07781b63801e4599302764dc5f, 4.727544102427314
f0cbea39c26f2cf588e04885ddc1a439564bd782, 5.356968127864317
f1299639d65fd743440958354f22154e171500d0, 3.488464300618871
943f8910b7d79d76726a7c50a996a39a00fb033b, 5.1942112228576915
fc4d0cb084cf3b98bbe820a9fc36fd437940969e, 3.7915469885687942
c084f1399d2813131b70acb3920068a454cea6d5, 4.662872990440445
979ddec134899a31461a05d820b9d6cad713715b, 3.9662349100616927
f7d331120e9b3a15cf4a0028849bf050846d5d6a, 5.89620063510085
8866a6da23ad8a2abfb243905e0b5e2c98e366bc, 5.103822967423559
5c67cd01bb445f9b80d30f2c551d0d42776898fe, 5.334999441171913
f408354e704d901dac2f283fc8242d2787ee4813, 5.841509267112318
e594aa5283c8b2076ece870504b4b6b2e9c29ca9, 5.628555146631979
c5b963fdd21435b56c4cf55f49d652d92fc83093, 6.30868812386822
948fbf59cd52083820e8e1682a5bc2a34793997a, 7.435916290421813
c399382ea2553528d9b44a9aa6492cee7cf0b5c0, 5.445522572548117
541270fc6468b9399001ee5a8bfa0cd380e1db60, 6.086832430357473
d2a2d2ee79d993c9821f176d9a248223ee59b3c7, 5.307272608024433
911daa5a6058823b007274f35ba038da7ec89a11, 5.764393358313589
a5b034cb2c29d312a2e5475da6174e196cfc3c1b, 5.884003188881795
da7fa747f59ca321b48b414b2f884d027bc961f8, 4.885305425275144
dc87f8c4ae8953d2d0bcaf1a08239547d77cdee8, 5.411387348872235
8e3a076971fce919b1a5a0bc62dcef86264a1c24, 6.441251902518601
987888aba1d68d84a51fcfef4131d649024e0aec, 6.554307362802169
c3635fc4a7b4545fc6df8dcad81f86d1e08c66cc, 6.187666402651164
8ef9f17bb904f437ec0a9849d820ed0f86843517, 6.157958162160908
addfbcc77f77c6c80cc3e55261cec181722e68cb, 6.5967828969912405
ca84b66fa8d2c26e91bcd21dea081bb062e51711, 4.637337137203711
b80a4c674f6640d304722f4a92eb9b47345f1258, 4.252218444576617
a3c251eb71ac7769282f383672f19d3cf66f1b04, 5.516893103230579
f2c6f4d1250f2570b4dc5edfa7d0952ec4b7194f, 6.210381489213642
be7b5a55c3a0343bda6a2a6ad09c5cfe8714b27f, 5.606126709198636
a593667aa30cd094ca66d70dbb5ee98fc64d38f0, 6.262247448657819
c67df30ae6cf151f19df3e36d15f0361619ed47a, 4.551692547473487
bf9e4a55173e6e65b88bbf4f18744ea043b07ed6, 6.303963136075455
df1a661311bcb75b3b3c258c46ab75819bd6d249, 6.710694324561959
a60f543d315ec120d2f433cdccc19342c9c3be02, 5.025462424280225
aeae992591ef4a9423528eb6029301cbd29daff5, 5.851503798226496
b002ea316ac314e47c6aceffd6583bd300962387, 7.604807766655279
eaffaa19471bbf9bba8fa5808dd0904474089ae7, 6.458461461099684
bdc3fba009b4d570355de5bfedfb6766746789ce, 5.5540959427088845
97469bc8eac2e4fd57266fa9821a50561a4d8473, 7.445238865097599
fe659e147194c97b69278c8effb4041297398009, 5.3521199557163035
91ccfc470d803af51ecbb91da39db5592e3a3324, 6.488224406832931
dcf7777f614c11ed45f8ff82f2c44d7dd15889af, 4.6488001858212895
248ff20c10b7d18c30fc84ce214936f5bb440e6e, 4.698594324269903
8b2735093e532de21b7aabee43b9c76278bdd5cb, 6.815165836886947
fe4316169ee8c83567ebc52bc629912ff65f14b6, 5.987182762951226
9a8ad4a46036cc65da3ce25da0a1b9e70f979655, 3.1352051392189573
f1fb0a22c3c46fe87eaf8bdd97d80ed51436f782, 4.632235114915557
e299749491b5a979701f0dedd4467ed53aaf7c7c, 5.958000949137362
9deeecfc873e74ca5ef8b27fb6b22bf7a536ab86, 4.197795325489349
f382c8f54d9fc494b6d8cc0751f694f0acbddca2, 6.047150265409399
884afc60bb87e1f0d85311221487273fc5d13d13, 5.978765691472449
add21f371c1ade0e82ccdacf7ce016dc151a6968, 5.636791770195541
ad77e6368d86e38cbf14a33770ca16b204522863, 5.461244818096958
a57d3a31b965e00aa208f4d499c0b3637f759838, 6.325469118955665
dd98462b95687767f50edcdc4758ff5237c0bcff, 6.534785368875809
f7ce1b89f61b8a40a961d7fee02ea31d4b27583a, 4.999055715698194
ce5a9a38579b80879f4de53eaab2d0083b685d62, 5.629267068812823
f4984561cc406867aa796356b6bf10a2091e67fe, 5.735388695174069
137ffd846ed245676a14f1d5e8676a4ef646182b, 5.016157240283845
92e2b243f8ca7bf1ce773bedf8205980f034ff05, 5.07589995026392
b8b78832d415b2137aaa400ec638ca3828510a71, 6.445347827762077
b4742d304d9cd4891aac3cedf5905676e9fcc9d5, 5.437915145164576
c1287b2f156f6963bdda82942a95288967e9422b, 3.3960204364238087
ef5d4cc5cd7a9d46f3e31572d97bd52423bae4e0, 3.381528440585185
ebdfeac0c48444c5f4fd377145b2d97e12c78cac, 5.277231276194633
f01795183fd859bc35b074c06fd58b5e6623fb03, 3.8938471987194094
ca01f93cb3384006f7af5de96bc25f924ad8bd14, 5.496275063700567
c9c9df2ea1ddcc10cc57d4e1d92b2f8b33d94538, 5.934989105209164
d982afe8253215b9a75464a85bb061d5d5f7975a, 5.6017164213470085
a99c3a5ba8f7e25ea61f79dd74cb89d6d8bf8a43, 5.86440544060653
b459886eb6e03f683c364b338a5c2f4776391dbc, 5.891218285851215
add17ba1901ea9804a604aeed6ebe191d784785d, 4.905281019985723
c757c72ff79910b22c548daf9067d6a682bdbb4b, 6.5873459777082
d8cb6954aff8cc17b05a205c949f36b46493eb8b, 4.064703626744635
a832f98e370c27f9fbc8e0caec05700a96e89a4e, 3.422118537705566
d5cc23d9ca216f0f8c6e5ada7c4e3284a3920958, 3.4560187285513577
8fa7abd9421e396273c3571b177340434fc132f6, 4.35019094258267
fbf5d7997f35a05b4f296b7b70b08866c13db856, 4.947371041140345
c6e9fd605b75a5090b1879635a6db8da08b8a600, 5.386787114152376
a576ed0ff4b19b2c864b2c489227a491ac670b84, 5.228954969601627
de163edff457321dc540b375c7b316c7f9fe73cf, 6.365060519800994
92a1cd997867a6115b3d079903e63aba8dd214cf, 5.414819309468222
aa01429991aa756b651364d54b7b28c2bfeb6c3c, 3.7770171752072286
50f17ae2d9048b293cc969aa8668b365f9773f1b, 4.337865387459135
ff3fa2ec64294f37ae968159f810ebeda7966c51, 3.7851960561390867
f7875ec1207504a229cd9b5ca132437c6bdd6a4d, 5.9482098109180015
da37e77368c2bd5a7a9792749fd6ed83e05e2515, 5.771493116013086
dfc34f90e58f60b101c824e10d74b8ad0c46a2cf, 4.867965622338193
4df58b4a53afe49f40e1c054f9a2e8553352e254, 4.459593831303774
ba0b274a12a5891f98da7f012d4c757aeb822917, 5.486823876996384
e73e06dbdc983d0a3ccccdf754b85603dd0818e7, 6.275792177108764
a05a86b21a7d5922fed8c50f36d307ed7a8cc70b, 5.1836336086514105
87322721181928972ce2b67242f61ff23275f3dd, 5.839205842538731
c001ef5d0a98bae288e504e13db2f1d4533021f5, 6.220570542667948
a07cb417ba30c0e4d8cc3831f093740ece8be01d, 6.964698701067701
87ce4212940578f8ab9aaab4616b104ab515d4e9, 5.966941109906881
d2491eb9351f861cdcd439fd5d73883a6d681d6a, 5.255984986923065
9871e11a3a4574e6b565733fe3e565f13d670744, 5.101601108836139
a30f91cf4dd6e15b62a675de5087a6db82d61f51, 5.802070852650121
ccc7600e812ec5b6e75a9b4e2b04f00a48d1a9dd, 7.0470333132509975
aa2166a08738eb1a62d78686cce70fc5572d0607, 5.94627179217109
73c38d8466f153b974c09c066d1469f63b856d07, 6.584697848698578
db4c010c135d84c00fee816a085360bca2537594, 4.917102429190454
8531dba6dd1818a4e3f3ba5e355e1e5ea9276afe, 6.104731953973109
951b5bb9ecd6593cecd2bd72fdf62a0785bd3b3b, 6.098908845812734
bca16481f37f3534abb04344ef1855b0e56140e3, 6.101698021956217
f679eb92d1581b842e213a6d2a8a74a0b9ede984, 3.6976091806053994
df15664e980175f8ee9ea6687b81c59f3139406f, 6.601859953491568
bd53f29596985f567c39329a8f8da5100810f0fd, 3.11857209630318
cb713a14e9dcf23999265a8826e204beb646626b, 3.66301840469299
fab22b3c9fd685c26953a5ffe073c4aa2a788c7a, 4.895377272612912
8674a295a4ae610ccd77b60cbaa692db6a875761, 5.453734100011745
bdefe60060197430834e27ee0ecc1d775f5e2b89, 6.224273659400629
9f605b4802c811805adc38ae19035ded09a5e4b5, 5.063655180712537
dbc27d6c8a04413d73a885a7b2c2d8db605504fe, 4.513834088452447
c15e04639eb35379bc74fd289f38b1c9d21e2278, 3.914558217118683
a65549b33ec5839c95aa1e9c2e50f74685ad7cc5, 3.78090786067442
89b7eb7ce1dccd4f6a7eb59017ac455cf1e57766, 5.911299953730772
c308727c618e21c478dba676bcea9d040d179f99, 5.381317771149007
eb46bad8df84ccc42fb7bc9cc3a218247777367e, 5.133742856741715
c787e77b224890e7fdcc8e2ca0c0577657d98581, 4.46727251661229
94ec21d59f07c2091e0359a0085fa6c569ed30c4, 6.2081981870806
ec62a3c21a4a116991338ac88863dff35157a1a7, 4.550927368824128
9081ee605de7c5e739569f3f829cba953cb918f4, 5.128885276474798
e2670654203c6b5aa850edf95ea9e293939963fd, 5.6034247345122195
a75958bf7ddea02d2c0d5a300c83abfe240f3552, 7.016512233930586
c484db51bb8e5e6218578a71ca541b135c2aa1ff, 6.186114586505227
bda97a680a69285ab84aefb75abb53676e7f6b55, 4.232297807706075
f2efe01b5b7d2613529468857009a02a3cc820b6, 4.260048460671317
ac7569c6eb788ec3ca408850d164b68f73bb148b, 5.909768297411403
911315669fafba0a06cdbf08da7cff7e81f49759, 6.732284692906247
ac6104bfab84b79b7ff1f01c576e2b7442988f38, 6.063055557068129
89cd14d1bb26c559102e9080a85ffa977cde7fda, 3.6807480935683823
e90cd427d5e229999107e56e3f06953f3108635a, 4.785595287687903
a130e19ad47a6849ba0261a7a81a8d9bb93f3a7a, 6.083431559202957
baccf806cbacabe5f3a91ecd093cf36b4db436a6, 5.023563753660975
c6b1b85455fc8ae7de258ff95875644d77f55254, 5.761968926768792
b7ea6b3de19afe8e98d52228dfcc3f3027f18891, 5.803626602203294
c2dc9b42636e453c1ad8e7a5e490654d39dc303b, 5.501536705395393
cfe97f961ec4d2fc578ef0aaf87f52c54a9aa181, 5.475642684743065
c4dc23da121e0654017198804449e35b2e9c2027, 3.5090908229796405
ea79d40b446a3660b4d0b01e53fc4a14bc18f60e, 5.570181912595788
b51b95c923fbe5e4f47342faa554cacb44477016, 5.809415697549067
b0f303b4bc78b12a467c465db3b050425eadbf64, 4.608167581780376
ef02ce9a2a904477907fe9135cdcbf1652180d31, 5.840902910892436
908ccf9bf5e0e7ab597a09fa19d91b1a5563b43b, 4.504205206579041
cd2cc30c2a3c6b967fc897beaeae9d3482163a21, 6.15821496581737
e460fd665c3f541f48ac4503abf2e90b9bbb3b94, 6.087480835954244
f77371745c51f549f9a641110e52f255aaed0f10, 5.722712481399945
9938999e257ea21c657f6c63ff386937544987aa, 4.346601113438307
a05ee87ddc674ddf01518fe125eaeec0820ea53e, 4.412309932942621
913eb5b320c3f4b475e8064303960997b0dd7a9f, 4.854716383350622
e9a8e1a87eb55c0dc1787fcaed22be98d9cc1ed0, 6.369237571690104
8b43c7696dc13421431102cb4385363ee33513e0, 6.648617541038059
138c5848f009c004f0b8e2379316d5ec18332ff8, 4.0110370948942595
a99ed97ee0e4d81fc9a8a5a5baaba5407a897b84, 4.615450023779166
8d9b19c2ff7d630d2d48932f3c1d35aaa97ad51f, 6.546125860128192
920523a6f06947927c3d1b9c2c902fae6eb740a1, 5.955100311233732
9d549d02a71100ae95cf02deb371138097549edc, 6.382940684433079
8c5d6de5fca9e769de9676c911d9e082ec1a9fb4, 5.012250276307308
8968e2c95fd09b05d48b4b094529d54d06bf6da5, 6.221205852688536
f8da0aad0792d4f2d30881abdbfd4029dc264842, 4.425101525478029
cf6788dceae33f7826997b7fa99b5189cff1aa4d, 6.29548662483929
908365770c09838aa1bc1874bf3915779910e775, 5.555251543096242
d4a5c57c98a9d8e16b1dd93042d22cc422772b0d, 4.436709094431566
c195c2ea359350b81a96211ccb40d03fb0501e7d, 3.9138640645150304
c8332f72a4f6049ef2f28e4a0fcbde9d142c8591, 4.85525353394121
c0c13857d74703fa66da743d1d670bc2b9957f7b, 6.603098589550069
89d4e10b3c250c027e108d10ebc00bda239e7e39, 6.173731693371795
fcdf51cf37b314ebc57038046b859b3172117f4f, 6.260982509236218
cdea6ad7a63edbcba925717a8c64328c255a0450, 6.408844609528717
859c3b6fce7256abf5acfef957e6c04134c01e4b, 5.737432938935354
911f5eafac3def56e71836d495b740cd059edbcf, 5.4781232259347155
f8526194e3d9450a847706ea1c474c9e1a65a3a4, 4.4253699697597515
85838695003ef753ce13327655b84defa54d6eae, 6.281261268783533
d8cc02c7b6d2478b9f6d47664272c43801d6d9a9, 6.302355875682491
bbf7f2c725fe4c3e0eb56d29707437d1603b1c56, 6.107067414006882
e92f3d3e5a00b7767c239cac14b6d9fe92d5ef9b, 6.074274708509278
8bf27a767fce0a5fb359059183d06e01d62dca8c, 3.6217974248251847
84b6b2d70924066c8345f2bc2281791ae3188da2, 4.767279412166992
d3de05492e2353a5f3a80b5ea37a6de4651923fe, 6.823592456426732
85bebedd9d4605ff6823f6f25c761e64a588bf22, 5.447286119955212
c2ca84eba451533cc357b9c82cdc4c59227ee38d, 4.951315704543024
b03084cbf44b7fc100db518a5ff7ef7e9924c260, 6.00124824161844
2fa311a94bc0da6d97955730d071ad6fcc770bfd, 5.936104731711867
970dc7689a54be2108e10cf65af78d85288b64e9, 4.0949094460648965
f94ac320b67f53eb86a68cf30fcced221092e7fa, 6.684827897647889
baa9b5294556d31b066df7e0dd8b1b0b1a8bb9f2, 6.713922539943215
917f1aba835e5d7e79fc124c1d7a3c8c2588cf8b, 6.127344986476199
95c2c72faa0bcedf9452be96511b7ab488754e77, 6.058562094444679
9167062812b68b140da9de7f824ec6131ef31a01, 4.106195336766563
c41c79391cd0c8816cebc9a0b4ef1fcc5c2e4018, 5.46705053665752
ce3ad9b28ad26a494e6a196c110ca405402f3e9b, 5.849219483242604
cc818564efabc759f8cfd2e978029ff6125406cf, 5.1729276459084375
cd2b912e4a3d661cd4f500287d3bf1b4f444b7bd, 5.464951949259904
85bf028205803eb9b1e5494c540ddd2938606606, 6.3824709350077145
e7d0678e66dad824da63837b53bb0bb38a571f42, 5.09646919347648
abae080e558fbbcf25131d47ef3dbea697548f14, 5.394418742117575
ddffb03cf0301334f5a2f89626640fa8812bde5c, 5.5703645896918115
db7c4fbff4eaf7b21678b8b053a0c3dcd74dd2b1, 6.069028372484889
badea8134ecf83e912ac6628ec12465e227c1e6a, 5.833762608482857
c3127c3c92a3d510a78a5248b4e7fac50ab81e0b, 5.979340937479037
9b788cef19b68860b4cba1f072cfc4744e6610b7, 6.273385064203785
afc376cc4bc5460a941a5d21f91d19f159cdf490, 5.7499328433436485
c52fc84d8cd2335788c472ff6fa6b3aaaa8f2252, 6.058769247768984
c2da78b847fbfac6920b3c5a2086c79b3a2db8f7, 6.16004239398798
aa8e2b08e043c6d844c28cb004a224615af29e90, 4.9034975655765445
bec0491f541a76e4fa31e17842bc573c812cb528, 5.510941944598248
9843de5b71377fd3392db81e3178e11bbe90d95c, 4.703364594956929
c846650d2b1b4a07f67e13c5aa56c15185f81f15, 5.9334613658276565
af744dfd0234f2b89d667f962f13cff1b5d0c9e0, 5.394862589046139
84a17972cc6d29489bbe205a9e7feb8745726fbc, 4.7052729020392565
a4a81c655f21aac65297532528cba5a28e8f5ab1, 5.031036031211521
d4a08e7df54afbd81401faf2e0349e88ed7fc2d9, 4.959479522999112
a6bd1b3de6ceb8be610c33e3a0e4a89350700984, 3.5419198647107155
eb83b2280e41f55da33ed81e62d7b8ebba9a93f8, 5.1763252403139175
ce2f2072bf32af4582a24726936af34f88225213, 6.261305981542248
c667e08eaa5cf47dba38ac81da9c185659db42c2, 6.198238369696026
ed8ffb58d172827f17d1abead83d9b8c44b554df, 6.272510291250383
b7931b60e23916058a5767895b9214dac7a6515e, 5.706828105231823
e3b9460f9a4bd3f4a5243f388246084f41e0dab2, 6.138348581428091
c0b8f55536e05f6da91c3b65ddfb69dc8daa12e9, 5.403000373630187
f97b1dbd007f20fea2e262e62433e01ae91da602, 4.953574808556314
ab7c842d24cac25a1a3852cce506ca92cb8ed428, 5.292254204100184
c69dcaf9e10f52b187b13e678f9fe65505167720, 5.834959827311459
99751d158308f801241e028eb7c6b0363fc6ec88, 6.293691613576479
9d053bdf589efd451ff25e1977e438b11122e0fa, 5.465299798013222
9cb2a2853cd6c58a9b7d07a87ef3138c3cf723b8, 4.434038779398255
98cafa82b3e7f1a3a179c62509778cf9290ca87c, 5.703866560679464
9db80a153d642e12571588fd68473c6e307195df, 5.989205742325246
87752697bce404c9b410be71a45e76f3c7fc9392, 6.510331573150706
980f92c1ca3d1d662e790e884a1bafb6785dfe45, 4.923944986011863
9ec591a707f8d7eaaa8b43b6faa23292511ffef3, 5.563435877426708
cb0f9c7be617b2bd18ae83ee9e85b621cabda67c, 4.932020482677865
a52c67c0bc1c6ae7da7c6e4d38cc7ac5a869ed39, 5.7389874733076915
af124b723c6d0d777c60479978e8da661b34bc2a, 6.173777721173634
9981528e7324f2d92c27f163b5d0424a07f94b67, 4.543936873969288
eadbb37222d32232022838b7765dea96bf38e0f6, 4.545976501651946
8d65a433657534866907ca34885953c36951db06, 5.5539111261841185
e7b94e593e93b6fe31083393cff1d63ca2142b64, 5.363482072932055
d06025e3b7e91bb8718335f7328466206060faee, 4.919689741139612
af8cb88c604c245257dfd33607bcb87cd357d3c9, 4.521381123871578
f2418c1ba0f63cb975e6d8c26ce4a145b11ad924, 6.5782419605457765
d66918b05a4d978f6aa15979c85902d09babc898, 5.321826798131305
96013c7ce1186c9a18f5127959bb867243b1b9f2, 6.3738950063557835
4dcdd4c95ba88786172619ebea8aad4ec757a150, 5.7051638986431294
f78599d53dcb621a631b8dbc0feb5dd63e2aedd3, 5.633200482294767
9a7c94325cf12595e72895187822c354cd8ef458, 5.378956145758639
f3a603f5ad05ee8b8374af6523467f1ee058959e, 6.087873153544798
e3919de46ecd1f707451dad4a1ac88e5b7403f11, 4.377767612510058
e6900f649459ddbd9ee38b93582378162c8d77ac, 6.247612861764805
ab2a1e43f425b67817553405c41c09a9bcb0e9c4, 5.202548443567132
8b3f8cb80815c489e6278cfc1a371b3bee3f6e1e, 6.3905704116776585
d4707fc4aa22e29062e02639a1b8c9f7ba3e6b65, 3.806670966213637
8a97d52d61d704e77f82fd7f1161d98054f48f25, 5.151956946409118
9c4e901d499220d23e819ffe0156ef62c7bcfdbc, 4.823624104128047
ff12d6e2ab80696ed8e22fbe5497e96c68d29076, 6.167968789767936
eee2c3c453eb64f9c327f09e83be35ef36528101, 4.190840750444052
999704c760821f39257d453f58ae57cdc5db7cee, 6.8362208490913625
f42621bb38f167d2de3d662cbe897f5fd1234aa3, 6.068906673213347
d7af1840c8914a381ffae4617c33ab76833d9513, 4.527968971639852
b52028ddeb0e0289019154f32e763393f83a30a9, 5.7151765184284695
b2b334fbcfc12bdf6bba8dc45aa8ade3ddb746aa, 5.778181923676481
f1302a0b13ef669e0d797c1d4106355cc43f7144, 6.563468093554354
a0ec1fa9ef85571c363b1ff524a7bccd583b0ee2, 3.5997413158960803
f861873a2af44519d0c30b7b390257e28084c360, 6.9162980199682025
9c8c8ca8e36d83954ecf380f84b01759c8363df6, 6.167501716732845
9906fd2917a481b373848f6d084228f34ace63a4, 6.14983077377196
a211065a6e065d2421b924d4e9314f1026611aa2, 5.271434094061817
3d4f612148056feeb651f4711c1f640f5015101a, 6.1144500694460415
ddc549a4ced606b9181bc2e6e0bb75824fc20f70, 5.593883197393872
92f51b59f25a16e76b18441fbe797a2fa2a5d3b5, 6.091951196870701
ebe0702c8a0d906044fbc61cf18d3f8dc9aacef9, 5.923886758362058
89521736c16fbbd86315c3f3c555132aee8896ae, 4.687945006379793
b1e8855867b91eadecefd05a09f101799008b8c7, 3.978191075924999
aba3f0810ff4abb82c285780965735f59dffc070, 5.935297173926473
f126cb73dbad037e40b322f82b6f40e92a15a595, 4.766034482187867
be6f4f4f657c80883591c6749a7951f9c992e4b9, 6.625385662578583
aa1696aba3e93761b292c97c68bb0e06bb2f537d, 5.579446237542351
ea8f19a7914d05412dc4159108d93d42a675e2e8, 5.9468573462889704
952c0daa0b72620df1288d516f0a2abeb5b3986d, 3.1694540324825566
adf4cd4036fe7649e15bbc8379f224685017b379, 4.129450980165057
8f7402db46b9b2a95aaa8282be9e471a3ee659ba, 4.74970119332371
df42fc345b50f42b32dc5f9df420978b1cda663d, 5.997871787772826
af618fc07f8f8c9e1697d7e8ce5cea9dd4ddee00, 6.180882912587495
cee41e969faac5fdd054a726b10fb09228eb7061, 5.541607892063173
e7cef9ca74dbf2dc906e3216004a1b5e6a96e241, 5.734114779867252
a9da415ddd0567c5995957b2239621158a4521f1, 6.559075358128692
9f8f3fbc1f6d3f36859a33054203c55d028c6e65, 4.227674515247843
d5155526fe2b5c2b956687b34d478647ef6bd092, 5.926666637950848
c352dbabae85680f4ce4ebf67886666ce47edade, 3.9465664554335067
db5924e7ed00c9136308999827d50dbcecae5091, 3.8431766178556264
c3bf932c28538beb5024e80bd06e09c44661c8f7, 5.770701790180209
eda32ee9ebe79ae7f85927db19cadc6199752dfd, 5.364793240351859
d0f28e44db91cce7caff1db428643300dfb3392f, 5.7447999711569
c162ce77f4002856b569f63b1e2b58ccd6d961e2, 6.197393333096726
b6de7562a3dfc6522d1d9f86967f5159e3f2f090, 6.538250125646399
8b557374000feae5ac9aee7b4078bfea53176ffc, 4.655580222221661
0bf111a9caedf02804f6991792490e63bc21058a, 6.41568778275195
a5aef107fcfe6b7323ead96aed8ef74a69efe042, 5.508831605104891
bfe7f84ef78bc0134134fcb799465996fa84e4b0, 6.170148248665402
bba75421c48ff666a96646bd283072492fc712ea, 5.14630290431502
df8fb59599b421d91967aa7d053fa72e91e4f6fb, 6.836531666841634
9eef5b76500d606c0ace08b9cd3ee9403e9e9664, 6.850053038709576
8e20affd5aca29391f582b7dd756c83205297c11, 5.343478104071129
cac291a9658d7ef15e1ef0c71b188d96eec19ad0, 5.264387985521829
e45204eccdaf94faa580c54b1fe1289c97b1f56c, 5.727449254986007
be40efffa2a2ea77d3d2fb0cf1f8dd6a8da2b287, 5.629332214493072
b11c7371190aaf26293afea3ba2146f21205f73f, 5.533129651125705
f4c3f24024c2e96ed13a845b5ad7213143844d9f, 6.12831226950884
c87d4a1dca2349d1fbdff1c6d6a57708c1df793e, 6.005848257915943
9c59b505cc82ae66d54df9629666137c9527e56d, 5.348762842999719
d615e34b407b1816d1ae062d56a466c1d17b68ae, 5.224982013427191
d68718e7e9140ca136bf5e39efd7c122632ebba2, 5.487972362809951
bbb7c8095658b847103c47aa2a4b55440b0e9ffe, 6.643287211850235
bc1f0dc5b937d54fa64e44c1e4e0de0e5a4724c1, 5.172109660594808
ad3d8c094d5606a8005bb22a4cf910e497a03224, 4.316508215377286
8aea6c59a11267f4143312770b4c84a2be56f353, 5.519734492132674
cf5422ab2f6793f4d5930d2901e652ed7dadac9d, 5.52693569525448
8576d2d269326a29503a1763996227723fa531a7, 5.802509294274208
cd1c8085cc77aaebd3c527b4ecae7e9150ce0d77, 5.322879993362909
e2d88e3ad6275b7eca2bff120e467f9158b29fc5, 5.386683533262626
4f571f241bb2d884216b4712cdcd482e310a718a, 4.66101769956743
9e4c480f54169dd91629ec30917139f2b16bf6b3, 4.112463135848881
c0986547994c0c40ee739f045a02e1ce427ec132, 4.866836517460817
91eb4058d0937eb5499d0f6b2a8dbae6f47eddf9, 5.948468025324685
892240639d1170ec0f4bb6248ba3e9bd390ed089, 5.464562013098177
87b3a5eca0c70c7828168756cd7813cc8b3285bd, 6.24066384785453
75ef6c3aff156ef52aa846c2fc3b26271e50e335, 5.48453523526389
c32840e4bedac9715b49ce3f04b3dedb98007cfe, 6.06408516238514
aef76b2d6bbd67cf3aac958965862b263c50d4e6, 6.111269059420785
fcd6e54df612c033e7a465155046b5223ca4eee3, 4.9050924230742305
a50e88cb6830931dd1271dfc49b3497d63bd436b, 5.609853359820825
9bbf52d74e4300842b27973d5e1d65a74c54c1b9, 5.05660339502531
b7297bd49e99532695b6290f29fac82928f9e03d, 6.731572957929658
c047e3345530b4b4634715536ac54cec9c756b66, 6.995383182014725
d023d3790457d12ac59581326aff1a396b206d09, 6.5338884263030295
c2ac862e74879f4b60191f0bb1397eff1e157c8b, 5.941615091290492
8960e95f79cd20b46b7e8fd09d0aa88015566a9a, 4.853787956108345
ca3bb5c80bd96ba545e0a42232c6fcdb55f7106a, 5.515901120702962
e20abeea371227f8a6318491ca3c0211afbdc1a1, 3.4531387755877923
e40337a34c269120bffcc76e69700d06f6d716ce, 5.98879679652706
f639cf4aa4008b2bf51b274cc01dede03666150e, 7.208556480572148
b729f209cdcbb802e5f6f16fd902793131660968, 5.930610420739535
f05838da14ca1dad97a5cc0c58323c6df9153257, 6.6498906745188915
b0718e2faa64ff947c0ba9e9516616b44c8f4a5d, 4.775696660081701
cc8edf9c827fef5ead4c85eabf96ca7033ddf165, 5.391361705723825
d37f552ad5c3e1e1c3fc9aebbea6cf50e1b9f334, 6.301158283459589
ab4899d3252b533827ab7d15261b9edb38cf0a7a, 6.457083328903061
a244f431e70a9d4c780ac6914b564d98c04ac7ff, 4.895217633367778
39713cf2db02601e4bd6360ba70f8013c0433f48, 4.058737964957897
d94808bbe3e5b3ffc39c8d68e0eed70929c70762, 4.689924027949533
c0d3079f5b83f8962c439707b96c7ee43be2ca18, 3.844100448099349
a11fcd52b2df310a3f3bf8e0561a2c587005e96d, 6.477292458199653
dea33f83f3cd94f54f1063a0cd22eab07ec8d3cd, 5.12666335568984
ffe872165621d735a48bb5db0c71dd5195cba359, 6.822132535999094
d4ca57e34b4e28a3a0c73339e0c72db036894d3a, 5.349811960270755
f947938c0e7c1345a488d9f17a74331ca6f478dc, 6.001590340807956
f3d6d22e76fc586bffc4f5ac1d73f096f03efa0f, 5.58455121626906
cf4bc843e5bd6ba302b1289af66f383b0329d6bf, 5.242680043565965
87e4a8d6efab19e147f510e9b5d10c0d0ff5845e, 6.876743893940629
e8335df6f0ac481c6ac16096889c51cb95ab2f6c, 7.241348331533088
ec7d2ce8cce8253208e8d0ae74991b46ce2eadf0, 5.665754471487622
36dbfe4759f861ee72011812df2178cbbfd736a1, 5.338723502340188
ea55b410ce0e38664c6597e4bfa09fce84399461, 5.015756596240064
8819c6723e6d42ad569274ebe2ce4212fd8621c4, 5.857958191638383
f5674c61e82766371ddd913c99e6b70414f4dd55, 5.556862534630108
9038ddd6c0d498cb8c65b4510e99e8527eabd40c, 4.810288788572886
aa8508f6aa7e91da7efc770fc0e04c471463ffeb, 4.721189432934873
86adc493a1cc74328222a194a1d1e3adf098b5c8, 6.804021374176028
edcb11b4746d7b8056929a37a11e81b0fe3202c9, 5.049226302447867
962de82430c78164a7c1cceffdfe31dd0f3c3cd3, 5.49089006622313
c8944ded19113906cf130904726028c5c1a11138, 5.972006061601336
e4935a868e50ec1951f892af50e2f5886c935919, 5.560100735572323
feb8a2859a011c59efd22ed419cb69288fe03627, 6.074676055523147
73ec1e02101d9e26fb75fe8580eec218d09ba78b, 6.256092639625925
bb6bcc05d3ef04c14c73ce93dad8c9ea60f5297b, 6.900684683810258
035f97702f2c01d26ab1fae8f39ea2f98a0caa3c, 5.260311371908956
c9d7b86399869ced995a6e467a257c3915339562, 5.188112190268599
dbb0e3f3c32292438fbd39684d9f1ad153bba64a, 6.075061399951763
d57eca033aa6388430166086ed3d0390ffefa85d, 6.424257610501155
67f697ac574661dca982dcd95ba358bde5b48a8e, 4.004411983531593
b75c5320a2ce606e7c46d1f82723e1e461f37a68, 3.4317259335326646
947a2e7cf57ae1a546f98831d861cd87c4fd5ff5, 6.306527020991535
f5ede5df58c2ea59be6b8c8097659bb8c2e9d0e9, 4.4146732966917055
7494b38c6d82b590c4afa6cc975f583f51395177, 5.42186604096479
faab34a8374299678ccf4eaa3628cdba3b65bfa6, 3.90895146863289
861075bc29124627aacce66a29c6dd835abcf3be, 5.403955210563107
ee30201b0b1261fcb6cf010787990ec87343d300, 6.554307362802169
d7a319cabc8e30b748e2beca44fc575fc83197d3, 4.434880902882157
eb001120a0f842e5bbfd786652695628bd65090c, 6.364076252473385
b2c520e7e4ea03898e0b8204fea068149d5535c8, 6.757144320105991
d0561a58b05777ad43db1e0627d8770d37c48d5e, 5.606052350481994
a632e2659eb116c7514dd825ffaa8939365c71e2, 3.8757351256240207
d5179819718a325ee33fa2096f37995ea6cfea8c, 4.655370480448747
aa2ad4e1f1035826e6351e1e801eb57c0b494267, 6.341601460733089
67212308d026508fd5b6942ffbbdd7b0be2e89de, 6.692135503384383
a6f3201e19df0a0fdf0a3d878d6a8d2e50eefc70, 4.636508383580523
a7442b91887824d182c90cd82955b97a1404dc21, 4.682343154731357
e25991f3bf474e9b542b09aef2407a78f3ffc61d, 3.7639419077726717
8fdb7157f90753735edf97fcc828b75e6a8042d6, 4.809654410416371
b7047722486e995e27292b5ab1945d72ab5a3708, 5.456949860018129
accf49bc7124b7fdffea9e75a869a597c4e8adce, 3.7811721451457263
ca6829e71c271976a4eeae12cbba5e49f232da3e, 7.0896799463511195
ea0a8f0b0b712337c3740e6ad5293f3dc47db568, 5.10527703183036
adcfbf9c58d92335f9b971f6a9afd19d9feab214, 4.03903299980845
c52befc118a44669cbf7912b419dfc433c1c0eee, 5.589394431180167
61c0c30e1af44a3ad57880bfab7a88591a434b92, 4.289733704568507
c4f595ca17b4c13287b0beec0dbd45d0e356055b, 6.06408516238514
f18c98fe93f825e2c01296bad47dc072ff70eef1, 6.218271940003296
b3f68ef83acd623f98f4a03fc633905fb2a5b027, 6.645701638474239
93bda77bd8d32e4fa1a0549b76f807fbc22f1f7f, 5.496654888207306
909386947a62f62c8b94ddde0b623b87c01e2524, 4.93875256645931
c2660985c0dbf52fe68f7d3620fffa6ff8f2794f, 5.381260981352522
d8ad4586476ab6240c0ec83f3c12cd4cc7a8f622, 6.3304665073781
c28a837bbc21a0b6ea686c34b12a7e6badbc9140, 5.124237680892845
cc431fffd568a0d46d302233b4d71bd216fa94f3, 5.137194722676675
90d54808ce52c41418550421c387818cae759dec, 6.465940203893687
a9ccae25b9a8738fd3ce42dfb0fc5e92ca9b8d7f, 5.84856021636312
8d0a196c1c472a4601384f4235f293c4a341b3a9, 5.993856176182456
ed3e0c98995edeee0b0a55fe15929a82097e93fe, 5.912162857082844
a62742a35ef9194f7da07e547fe13f99bb6257bd, 5.846565808124467
e3c9abe5680cb3851ac38d00a01c46f58b6aaaeb, 3.94206071561924
798e6393c36bd3b6dc0a9f97de7d4c87a6e5b252, 6.090006967747332
a74f9942a4bf89bc51a259bdd7f5427f1ccc82f8, 5.198234985999786
6434afe6261c6f3f4fdbad511a2db8ef090f8c07, 3.749449004735114
b68533a39390311fdd9ca8baced33145784eb561, 5.348908642597525
df90d9da415c30c25a16e21ca85638577961e81b, 6.08686031294331
cd32daa7c1ff3ed117a127c9c185c1b53a396138, 4.422100248905779
dace1e5b88ac51d7bd53523ad70f8d5d188b9368, 5.043253468547163
f90fb4df43d85aad3ae9602aea19fdb4f47de984, 6.0385686601159305
72a34636b5a1de1c3796e43d5abc564b4d0803e7, 4.158828688398637
d5e3e0d1ec5eae8e2fc08b9c3607cc766be6dffe, 5.662662278073852
a274dc9836c18bf295e9e81afecbdd72825ea79c, 3.688366246380562
a1d026f103e45011fefbfd9ddc32eedf16edd5f8, 4.471206683970535
9de51c3306c206bfeaf41f4aafc8526300a9f103, 7.310362230361734
dafd07b7aab7dad9894cee44cad55efc89255614, 5.035681647071515
e15002a49ed03188f18c7a791c458c19d1ec973a, 5.85127497419246
899bf68f741b96e69c8b1d6bf22fd86e00b7c00f, 5.270492742966052
b11bdeda44addd99b9b0cdc016fcd27262b51fdb, 5.944241887704391
f7b65fa8dfbc07f71d9e206d1e1fd35b986cab65, 5.596881283322918
ae84ba8c1585fe80b8d2cc991a9cc4af2921a2a2, 7.135378961290395
f38238ea1bfa182b81a7d73d563b61dbf2825754, 4.065576524712651
8ee77ba42fdd6aff7a9eaa84d70064c4cb39cdc2, 3.6960647167456857
d84468682013517fdcb3506ee81783dcbdf3bad4, 6.285817413031664
b25340984452108c2928e20f412866a7dbf4646c, 5.977421164576881
cfe62afe7795494a49cfaa46bdf17c38a3c0d284, 5.910620356835135
e63a9cdc387a31ea563ecc24b20eb824a8c54ebb, 6.174845338371295
a1b60c404f7df8f6f2695982048cac298567b821, 5.826719255465223
f7e7c21b753521a3f4eb226d9c69d71214e183bd, 5.995808048109259
12887fd9a4df4ba9b88a71f3fb1d2502a75995dd, 6.431283371201143
b392a38d92631885c3b63500548976ac63518da7, 4.469202949392931
9e1f7de0fe95b78cc2236adb52b0420b382b40c3, 4.093936841340507
b6535907c852434b9243df7a0e65f04d688d049f, 6.646654533087524
8c6976c873d2ab3f4af9188a4189c46a032a53d5, 4.932904680863291
f35248e9e95942a05313dda4f3a677705d8c651b, 5.642621407671766
d13ea487552242f9c688d613dab06ea5b8a867a1, 5.000162167378226
d11774bd10cd517b1cde216ca391e76efaf59b44, 6.357999577836265
9a20834c7ddbbf82eff849ff8e4f321b856970de, 5.976177320118776
fc83d8b4ec86934a2daa128311afedeb0ca5fd50, 6.48171957840211
952e48fc51ee7afbd972a8305c2f22a80ce9ce92, 6.213830424362166
cdfb7ea46096b2a49dd710ef5dfe7bb354cda15a, 5.902398308703804
ac018ab3a6242492006b3ca1e0c508abd1761538, 5.854878543908493
e65a627881df5d3e0bfad77c56221d858da5ead0, 5.560254625364257
ea7332c6a62cada8a8e85200ddb71fed941ce876, 5.534039930651654
86a7e49131f2acbd350c4b0b9a2243838bd4e122, 5.709735351610958
921b990c548efb5620585b0fe3049ed43dfda903, 5.085220818059296
a727c00002127704e5ae41a4a08948dc43b4aefc, 4.980594808964118
8d811d7887c2c868b631a2bd296412bde2b49bae, 5.745319374331318
cb7cbbf59876001661704aca5fa8d70467f514a6, 6.8932817476318355
410357eb9129023509cfaf8d38be61c050bb3b05, 4.5659860106242895
bd81b591d06c4a726078a831c11516d6ee27541d, 5.7659519805768005
9b9216e586500b4d619e331890d3745eea1176b0, 6.0247379372515955
b56069b7f468c9cb3ff1ed8830af52d4e2fe60c0, 7.296169125955259
f01bb96987327c1dfec6ddbc980cfd85650f20d6, 5.594448453658342
d0d3472fa981f90d8e6d036dea4bb627c73b6592, 6.221055461497529
8d14518288c33c098206996aab23c31b3eefc864, 4.434298561510047
8dada7632816cb20f182c306ae74184ea9e056fb, 5.916155945935331
e105dc9d8869af3a83704a5d048424441ce4ad01, 5.265972955270079
d69d2c6bc916b8d054bd50f4270a1c6d8cca1426, 5.96085902944774
bd18fefd95851483c8aab15987fec421f92523fb, 6.320164523307242
aa953585f60c1f5711c6d5159abbcaafcc89eb77, 6.114485606028445
e816ed48800359bfd078c1444a40e00be6fbb5bf, 5.086654621113264
badf8b0a0c342afb7e1eecc4fb19feb7ed28e180, 5.268115128999616
c072621681c71501470509aeb1c51e3f9f98df5e, 7.039725543337252
cb16d181d96fc8c94f8416437c059b5f0aabded1, 5.670176780278021
99935e2b7f9f41bd823ece5418896aaf72e223fc, 6.928775901871862
e89a4f1825ece62064e95e63475769011258af36, 6.428154870638994
9ec1ac8c3d812703485bee8d58b2a81f4edc8754, 4.525510424758707
ad03c4fb44da8b106e362ef8c65fe2bf34a385d1, 4.661239786048693
e04a53abed6db648ac01e162aad84ef8b608365b, 3.752939951286046
d8550edf3efaf335a9648aec7584ab6acb55cf30, 5.642615583806796
e67fff49031a4f2699f10d6a2dd89b4cafc70323, 5.694981708095222
f944b947ec651ccf64807b644af38c6f04229bb7, 5.344143926108651
737dd3b5a70f36e8bb79f4c5cf86c7ccfb1e7d55, 5.763184405191613
e659bb37740950badc7fac606f227ba5f74fa866, 5.758884963154688
ce56b4a23981e6c9f70e87f087bc1be07fdf25cd, 5.972991882973552
e873b044ecba72370076d7fe198eeaad94bef3a1, 2.955084759598577
ecd66b9bbdcc6ae1eb9a6b765868cba3601730b6, 6.09939390890182
c746678029d2139e7658a0f94e98bbf09f258673, 3.6986116123595334
9bc8e6286b7a331de79c4c4e868b806c0b3bb12a, 6.0340722220070315
a90b8415afe8507a36e7be7511fd36f1045418b7, 4.089494285681083
bb603e54f5809d802fec4c70df7b2c29a5125a89, 5.726560951900003
f492b1eb37bae60ab4597c161e7b67d9cc9e4dc6, 5.009428243396752
dc5325f05ad384cacb2431acfa1f398913151afb, 5.542532896204608
f459440c7a99294ca9763f332cd9aa09b0c280d6, 4.877701806632996
994f5b5cdc8a126efbb290700caf797948ac1841, 4.353167827287951
b041f9ef5ab6da232256530cf8e22c31ac99971d, 6.652854136587683
88188301e8d3565c7f1e2cee1f9ab8794676216a, 5.133367942482924
cb72cf616f3cafed458ef94be529c172bbcc5277, 5.330483683089447
bf22fb15bf51bc4bcf3d50f7494caad62a596d0e, 5.706075132679417
ce201bf315598feafcad345a663284bc266862c0, 4.4490796605829726
f9e06c04dc036b01f65e7f71a9201922f201dade, 6.285805189629475
ae7e6756887c7c2d0e3d26bb83045d298dcb5ddd, 5.894098190366891
bb81a7f88631b987cd15c8d539e806ad17a5b664, 5.37405888824346
d1e238d8cc58ceae3359c94b2a4a976a975fc9ac, 5.529345101784515
f0be3049c99eb84be5aae5352c2f0ccf661e1f43, 5.722137020212615
ededd47b1e0c18d4af4ad2b0cc21eebcb7c6e6b9, 5.336556590778271
9d789185f1d5fb7bd42acd9d6dc1f5380fef1c4c, 5.667465814937402
91f7019ee1831ead0e667cf264dfe7be6b743f3f, 6.972528198183661
af12f06588c971f6425a28d61e4511bafff05bb7, 5.536241890611735
ae75c8309bea2f4a1b1624ce50d0994d5b4dc451, 7.117927981352457
d73a15bdcce722312152f547cec67e8dd584a6a8, 6.369195764174268
f9f4d4ef2a3de006bd037db9eb160ab8e51c79f2, 7.077531598010433
f91758fe4f441cd4b7b053a03252b4c50f3d4737, 6.668272006039814
e99d4fb3ef87d5e201da3b08841541fd953af089, 6.112973490433892
d2ef78c03149ddfd267005d0dcd248adcc227e02, 5.534417513645776
edd78ffaa7bc16d94ee6908b98b3d9863f492c89, 4.19117364081503
88a694a270a460f5a09e1e8c569b036d03b9b5ea, 6.686726901297018
ba37558e4c84bdb5486d1b3622b0ac7ed3d5222d, 6.397876752914146
8ef999ab1a83c2760064ac6c7a4b6c4115c5a186, 6.30399733731768
d92840812393583b0f053de80ecee59f5b19bc03, 6.6292718231995
9cf5d1c0d7ddfd6b78c222e83894ca3a75ee47f2, 5.669094602099137
92828f67b16f5e96ddb0d436aaa6f1193104c037, 6.017941029374842
98903e3bc03971360097ad809526370f701ef5f7, 4.885072506357593
5b023883ac089df249ef06f7c8c4398f37e1c55d, 3.639518179774935
d11e42daac68288eea95d8923771a326e667b520, 4.710185225382425
529d7e5b25e40c18bb7ea49be0963ed7f3e288ea, 6.336104408899649
b51687ca4edcbe2376bc3204617227bceb0a52c0, 6.476744929043931
92213400df98f5441533511526206328cdde4159, 5.77388425508769
8e5fc3c13f17c0502fe3f0a8404b461b46183f8a, 6.595429871969031
b3946c98c388b721854634038fbd1820a7ff046d, 4.550466543554521
ad57f4feb3cdcdfbb77d4ccd074d9ca50227661d, 6.455034506855677
adc3882c435a390c34d34279b5528215928944df, 6.193383423549965
b8e898c506ad360ead5d4fafe6651fadfed6645a, 4.376705274291163
a10c5f4ba04fc56032719cc84184c0ad5b5f8446, 5.378302940905964
e07c3edba3602b0d172c2db763539dfa9819027c, 5.066977366101522
c3fdd44aeb469416e4895afe4040e54eebc23db5, 4.862934976451041
549b4b9f5408631f8a062a6a3b71c496646ee0fb, 5.282621780080661
f440f5463ae218aef17a60e9f2ffc7dbbc45dc54, 5.986206057027101
f92e3ec921384713419dca56d1fe2be1d51f1b54, 5.773005687420137
797c7c555f32a47816ca7f0c017002a2131c132a, 4.010013874335546
eaf60b6a377c720fa7a13f97831f38531047a217, 6.2663116880946985
f91b376092344f19705df8873d25aa4a34bafce6, 5.076448878409292
bbaeaab91cec9991b4747c8ca3fba0981bf68ad5, 3.8290853503797173
9272bf390ef4a8e31a5285c14ec721495414c53a, 4.840792607402917
d66c55f4502b462e88d4529dd6b4d167fd42d165, 5.502842488766284
950671c7855e25bf4a8330768cabc430bee030c9, 5.486537859744698
9d46769291771df99e8061cc9c5d79aacb087210, 4.438925088714338
cbb7db3eb5270179fe8ebb9e73dde2c894c9a971, 5.44655571693469
baae1f7bd8567b6f9e220cc863c92124fa71e1fe, 6.195164900114186
cc1f8f78f5ef5237c717194b38699b168c265513, 5.891723340430409
f4367a0ab2083a66a5fa812df89e590d3fd3b5a8, 4.02332612550625
e85a79ca1bb1f59951efb5c25e40e0ee73985cdb, 5.209050198460943
9b6d776d82bca421eb10bc4a1f5f866af7fc2a3d, 6.556894504855469
9d69c1d50467997289ee1396002cd197883a2b74, 3.536124398220825
bc8caaa2729aa0c9179e8d66388586a4a8586f20, 5.693034742220098
aa2288779d4ddfe46b3dcab170577d4f5096ab15, 5.553758249221606
fb0a2834f5f131005e12dc1962056623ee6a7188, 4.521628068347471
9b4fd6bc9be128b294d3a8590bb6a146bc503902, 4.415202418667726
f9491b0ab4aee90c428545e0e315a3af1f827595, 6.565978033524356
b1179b71e93f6ccfe9702cc342e53c5c04d2cf60, 4.379860812179913
cf8a26a2ce3ac2cfd81a1050e73bdc7a4cd225e0, 2.9879523108295962
8b158f3040b574b6d08148e24946fba8bbdc29ca, 6.196298852633285
326a025b5c23347b9eb2c5ceae75a5908a461f69, 4.650421302687022
9d91374d67624389dacb4b429b8fa8c18442b29c, 6.082092048588811
a24729ea6c4aab24a9d6dc73513113e8b8fcf35c, 4.440718637610952
f4d9301713b16c13c174f19e18d0200175494a79, 5.774420778058595
b27862a2f9590331f29ffdc8f3648dec2a7a7d30, 4.383072705603637
9c03af1da21c500de8e0a1be24e3c22d341961ca, 5.756285074910836
c8ea10d959a7c782b45e6e83040472d432fa448f, 5.003230233141727
96d8f7656a57c4a757129d95863a463358a0c3ca, 4.356820054791905
dfdeea1cf0b4fb6c906a25d99aa5756efe14c996, 6.895289530981338
9a5d7462df7a85794cd0d7d2c510ebf725d2e13d, 7.368489267687789
ece9b75bda9d53b5a67f7bb53b5635a3df017020, 4.400865819155365
c4504ac02ad7e7e0c9ea3a1d78601374e483fc30, 5.434471180275672
8ee958ba68793684a9962e1b60847d7b73d7c9d1, 5.801570118096209
8ab396fa5981adcdc777254c57ea744f1fd4cd2c, 6.844440458961481
bfb055d2c2ba396d5e6bd6022719b3ade1cd1407, 6.2779131801655765
c8bd30152ccbeebb18f9b1fedac0869f845980df, 7.03814027485056
8f19ffb508b23f955b93ebd99153f8ec99025785, 5.273627860266657
a94238b07de77bffd5189487ac3d56b96db7e09a, 4.863350244913389
a819175c8808635fda7c3854536f82d90a7b31cf, 4.375719318862311
f4a045088bd0003226023c10214248049d9da90f, 6.197645662896281
e1d3226bcfad8043e69d31f3d76e719c7f041d3e, 6.644510630617341
cee203ff00aaca3eaaef780ea6c4a68a3f8fd2fa, 5.980790650809797
c21b13edbab3d247c8816a374ebb57ef71700952, 5.927716369774078
a7e953186fda9e7bf8368e2d00a19d024f7db5c8, 6.342555413992625
86d9a98ab0225d2c2faf6d51fe3b9fad194c3ce3, 4.306777828194002
cd6862158d54e5c270e8d4bed99f73f32a721e14, 5.55417949539961
fef4a3263ed9a8ab14d457694bb8fd86ccd98312, 6.259914199028859
9a6d7a470aab3fb51ab58261637c58c239ad804f, 6.4982081576885955
d6515d627895751c832a3075053719da2f5e6cef, 4.463046183764564
a57e6a1dc883554789ef6049be9b51530a7aa207, 4.376731249384233
c670d2529bab25c82fc7c3757cb11e7f2e404de8, 5.964887297050058
c096fc1d9c0ad8efae9cfd509f75522c50603692, 6.23637913435162
9cf17df2214b19cf4cd63df22b802afde8cb98eb, 7.0240143573010645
b9cfcb9ade5f88679b72a7977c50eaca7170206b, 5.5546214385616475
0134f9f410c65ad0e8c2254a7e9288670e02a183, 4.351692979537825
f6c974c003c063735fb1afcba0aec50acdb89861, 5.355929478955045
efcf2fbf26e74d0af378d96a168c8cdc05c42a84, 4.876983298552955
92cea32d04d98c66af1c1366fe9811047a9b1cea, 6.8469063081092045
bdcfd5ee015db872058dc442ab9d3c72518366ff, 4.83634002112662
93635a4013ec683f217cad90ca4e41aa557c3922, 6.197645662896281
e0850b1bd8f8de58096da128ec94efbdf5f05ca8, 6.764334093504037
c8a8565f00553a00a5d510958dc8c40a4a477783, 6.455998217726975
0aaebc88f6106684d6993c156104c1ef36cf94e0, 5.420100336289803
f037357014544261767c6ab5b172b246b09d3ddb, 5.123354517990508
edc5737211dd036ad81985e117aea3ab9cbc030a, 5.304662786724004
e036815d3a8d88224e7e8a95c64ca031dd5b205f, 5.675908512251609
a3748712b8685edb49cf966b7e662e1647503013, 5.333744659489416
f6f5b15522aa9457158ec6d7a16caaacd6cbee42, 4.307703059846394
b9db6bc5ded963759b9a1db58adbaad3314169d6, 3.6332930286463636
e95d7442ab6fb642a8c3529ef2fc8aa25a774e13, 6.694136141733796
c20545cf079fcd100052faf6db21ee865023525f, 4.961817344086472
9d12b920015fc145b62c73ca689e71a362e33b35, 4.450409476856543
b152244728671db447c59ab0796fac9a423e1356, 5.789153129155495
79fb09750bdb85310622bf240e1060ef8de8bce1, 5.63783325240115
fe516d090eef192c93197ed87878da0e23908140, 6.645609934098595
f59fe9b15a7762aa5ffb0653396da3f4f2536553, 6.161085243773742
b6cb94c201726bd4e4dcadc007dba2c69933e0c1, 4.829997632057285
339fff79c43561c995b29972a962ccec846c599f, 4.9714365377807175
aafa3b985fc5f4f1f6dbe50b8edc01713225dd2d, 6.060397699108377
cf84076c807f395016eaee41297162276781b963, 6.945456734631371
e85a95e2eddbdafe7db54351ce3680933e09d0a3, 3.70629600508544
945546f9d4db4b9599e57ffd4271193406f0d96b, 4.894535757129051
e58eaf39ea458008043bd1472f267706524f1fc2, 6.967286114039639
9b0622ca034d946055f8590f554fde632487742f, 6.062247790189235
df17da01944f34b2a6b59e8d45407c1297f9834a, 5.806582308309657
9b536900fbffe20f4db747af055dec68b3ddb6ab, 6.160586740451516
f156718d3970030deec27298f56fc78a00c00f5a, 5.379502514374726
dade8cdd2806e1efa138e68d984abd0ab1c87ced, 3.9948154795835773
edc641c842df448a70ce315e00b6dd4461a260a9, 5.3208914153450415
8beffc1494bb81af08c352aea875a183e45bd824, 5.975588139390075
a18783b2a14d61192a1b97ce3daca9e67cb8cd59, 5.684808074375489
980a5ef7011a98b8fa55e5ac3d7ebce6f7784286, 5.31095435834547
a688299300a50fed79edb502fb02fc503a564308, 4.803496934936804
c45bf22121eaa2f37dfec2f58729d22394ea220a, 5.611626969011917
88003ba023714648c4312658ad9a4b3703e56de0, 6.001727291230509
934776ec5bd2147907362602555bd692fc56aab9, 5.758686719955165
c13d9b5245d8fc600da9390192908048857599ea, 5.896679017069403
add7a23a1b66010154da076a059216a13b90191a, 5.903973004753312
e621f4d6991a537e4508648aa4c3fc278091ec1d, 6.177963167319017
baf05c058d7a427783ab9bde33f38d55ae8ac0cb, 4.989068647874273
ea2f8736bbf1d859fb5b46f848db37f421181bd4, 3.3126769004384737
bc54069a859b02cf1b00e7ab77d68132f9021c8e, 5.742149984590694
55ef1cb9ba9a618396f8f82aefdc261d00864381, 5.7529123987888635
eb870373b64f0be961f503936f7a725fca60fb32, 5.4389544748922365
ef070fa973803bec505aeb6230acdd7a917e2a59, 5.693322236543752
e13e39c815ec66160db3c75b7331dc1a0dd1d4ce, 6.130349871096026
9aace874af47927645c48f21ffeb82f8e15f24e1, 7.289212771211407
f86b9fba1d59be7c864d4f23d0c7674113a27cab, 6.377110482656593
defaf0c38d68f9958bd180e1a709f130a999b2e6, 4.305734568731667
eaad1484ffa24b01432fa3564a8635bda0b4c34c, 6.8425552895994235
c8d7193cba58a3bf26ba18f4ba5728c56ddcd4a3, 5.966452435689607
ce892387ba13c6b526d18de003b62c1bfe4c125f, 5.659190743715943
a5fbdd306fbe3003283cf2cb7ae4c371c9693290, 6.383252984956027
89cc639060f3d63cf21d893882e544497e32aeea, 5.7878000356932615
875e48fd13e52a01a4d48d745d72128f25b9ec81, 6.965176542395039
f2d54f193cc71d429fd5803b2e4721d012afe568, 4.604284308128302
fe31861a03511f91760de27adfb8803e8ad321b8, 3.8871502413057226
b2a46e3625d075ff330baf8e18019e1af424bc62, 4.17604710980929
ac164aef8492a4d178d0704b602f0522512dd913, 5.817981916053351
a40402ff4c87721e74766e6751bb458653b3e686, 5.532000651520626
bd9bd34617afb5bf1f3ff27e575c4df427ac32dc, 5.81694353426198
ab4e0b5338de7292c155831c4bd68a740ae6d05f, 5.797261724093604
eb2a090421ba380ba6c0a8119510e031bc4e55ea, 6.573061654921328
d08b1608a634fda68fd097f278ce9fd4ac24046a, 5.8770401894727025
b7289b3b24fd67017ed82f62a889b4c9a0fb5ba4, 5.76871859827751
9a31bbe1021725b074357ae4668bed6eb7e46bc1, 5.088423444687388
eb7470e41cb0d50314e9755be518f55b093a4975, 6.205274694171413
a76e1891c401fc5f73f6942768488b1487533472, 5.607976440967584
a5f22a73b7cb93619da1f3cbc56febec52b1c16e, 3.5840903026282285
851d9a4b9b8e236f2d62282ddf06fae57b7d9492, 5.281352971325459
96ded661b95e3d4d3cf1c8d45aeae3b335224583, 5.744156680475769
d20b8e96e5c520827768fe614961d0534c6f2680, 4.602843678164067
5235e36e00b0e927e6ce9f6f771ef92915857989, 4.4792486050805636
cff1765d7a97d3f012a354586ccfd49fdaf6aa44, 5.3684280721079345
f0d74f349e6479eaecf425634f8b0dd51e60d60c, 5.789206288070906
508e0627871ed482bd8ab34544e43e5d856a889c, 3.9447302101874424
d525d6edf4b0c6362ddaa4814c3930a6a62bdc99, 4.4117347946165095
b722e6209f2858faf0bf80947cadcbde586bb666, 4.215626774357108
b45e8d507778dab56f381a681c453cbf4d3b4050, 4.680135509839172
ea385e57f5d3d6841a6997dd7af680e135928bca, 3.5451286380215405
