ed9eaeb6a707f50154024b24d7efcb874a9795dd, 8.29886523333841
ba12c0a2cb367af0467e479c03507c71a805d291, 8.48884479087987
b7298b0fe50443a623af9b56792b330c2d052845, 8.531832702452542
c60be70309789b39355dc612f36e37090ccad5dc, 8.360431644487612
a22a58c5be8aa2c2700619e37f2b7a6e4efa7e6b, 8.591649815570701
d5841f944022e9ef49bf6ac9b5546dd82ab2784f, 9.503698009149895
eb451c65ea210bed6af798282c2c6205c79f71fd, 8.355492703356866
c3e73d0362e2b21fae6edfcf518063e8a28b7b63, 8.437164099992412
df9e2c6cfb6035fa5b26af3b101bacf64e95e913, 8.370717236527554
99103791231143dd15aa77f2aeb87b2cd4a1c22e, 7.1236963843402625
e2ed5ffddf1e60198f9f138810f84b7107ca0561, 8.284609595662804
8554d1155712da4bc72ec5921db3227311265359, 8.647449068143947
89fe8b96c04597a0fb63dca3a86e5f36e7580940, 7.743384538191187
8b65dcf807a9de0c95c0896919da04523176fab8, 8.2964477151072
b6e252e4989b3b422d69eae06831ad0bfd396126, 8.440746681635874
9e0457ac0f2824c5e725d83bdeee91ed078343b4, 8.422291881868528
c9c6d1fdb1bc64d7137f0fb7050e334cbb7c0f6e, 8.752667848432583
ed6c052a16794cf2376b1497c505b438e9af69b6, 7.302644101341093
c5d903eea354607809419b5e23c869ea16626a59, 8.879192657384007
927008a1eb1983b52fe269b504f398ca185603c3, 8.48829513298764
fd29d68d81bf469540c56ab7074ad748cd72203c, 7.734267462308366
d6f54f87ad964bd1cea20ffceea962f8b6236da3, 8.68934611500339
97983f3249349cfcb409b75d5f53e5cbab2bfa5a, 8.607321678805159
b72f0fecebc0120609eb4643631055b2e7a31fd7, 8.24435777577968
f3a7769633f8060ffee4a0295c55ec9be084e3c0, 8.477127509257043
abf736b0441172883ba772951733e73d557598ab, 8.378374672488212
af99c21153a5cd9289febb0cc7d1f8cbee810621, 7.03668721233579
f5a2b63a98287f49a07f6101717dd4c1048b9903, 8.260018567882948
a9947ca4f64f3122a22c7827ae089d48db8fd76d, 8.212449590322256
d28c344507f89c41df926794e0d5a96d10349014, 9.471145862294343
ac6522ed2e2b8a808bb80970ccffcb6572183349, 8.744864626850136
8cf96ad1e77c722694ef03a06a781d61d632f2c0, 8.614127134651207
92de4c1319bb3b07781b63801e4599302764dc5f, 7.576384042615079
f0cbea39c26f2cf588e04885ddc1a439564bd782, 8.379351721949577
f1299639d65fd743440958354f22154e171500d0, 7.292258936023884
943f8910b7d79d76726a7c50a996a39a00fb033b, 8.232986560685209
fc4d0cb084cf3b98bbe820a9fc36fd437940969e, 7.158424581673322
c084f1399d2813131b70acb3920068a454cea6d5, 7.244602892094605
979ddec134899a31461a05d820b9d6cad713715b, 8.335943637196046
f7d331120e9b3a15cf4a0028849bf050846d5d6a, 8.320337688207026
8866a6da23ad8a2abfb243905e0b5e2c98e366bc, 8.555267168306187
5c67cd01bb445f9b80d30f2c551d0d42776898fe, 7.59855680750872
f408354e704d901dac2f283fc8242d2787ee4813, 8.586985183352358
e594aa5283c8b2076ece870504b4b6b2e9c29ca9, 6.921578847716639
c5b963fdd21435b56c4cf55f49d652d92fc83093, 8.48504625071248
948fbf59cd52083820e8e1682a5bc2a34793997a, 9.035811927322905
c399382ea2553528d9b44a9aa6492cee7cf0b5c0, 9.016275115504856
541270fc6468b9399001ee5a8bfa0cd380e1db60, 8.21746272065178
d2a2d2ee79d993c9821f176d9a248223ee59b3c7, 8.118983118773253
911daa5a6058823b007274f35ba038da7ec89a11, 8.357997797060172
a5b034cb2c29d312a2e5475da6174e196cfc3c1b, 8.744594117149996
da7fa747f59ca321b48b414b2f884d027bc961f8, 8.372528559208618
dc87f8c4ae8953d2d0bcaf1a08239547d77cdee8, 8.545047823519464
8e3a076971fce919b1a5a0bc62dcef86264a1c24, 8.67936549835732
987888aba1d68d84a51fcfef4131d649024e0aec, 9.804270770112216
c3635fc4a7b4545fc6df8dcad81f86d1e08c66cc, 8.409329707554376
8ef9f17bb904f437ec0a9849d820ed0f86843517, 8.769377060836208
addfbcc77f77c6c80cc3e55261cec181722e68cb, 8.401484029712647
ca84b66fa8d2c26e91bcd21dea081bb062e51711, 6.596786409619849
b80a4c674f6640d304722f4a92eb9b47345f1258, 6.1161614206658745
a3c251eb71ac7769282f383672f19d3cf66f1b04, 8.52899973095854
f2c6f4d1250f2570b4dc5edfa7d0952ec4b7194f, 8.65708694924013
be7b5a55c3a0343bda6a2a6ad09c5cfe8714b27f, 8.577733019397751
a593667aa30cd094ca66d70dbb5ee98fc64d38f0, 8.279615018525726
c67df30ae6cf151f19df3e36d15f0361619ed47a, 8.32641147659359
bf9e4a55173e6e65b88bbf4f18744ea043b07ed6, 8.69077591064126
df1a661311bcb75b3b3c258c46ab75819bd6d249, 8.331187313071418
a60f543d315ec120d2f433cdccc19342c9c3be02, 8.205035589532491
aeae992591ef4a9423528eb6029301cbd29daff5, 7.398800400172571
b002ea316ac314e47c6aceffd6583bd300962387, 9.114394101318476
eaffaa19471bbf9bba8fa5808dd0904474089ae7, 8.76712486241636
bdc3fba009b4d570355de5bfedfb6766746789ce, 8.317466693102217
97469bc8eac2e4fd57266fa9821a50561a4d8473, 8.973479473379157
fe659e147194c97b69278c8effb4041297398009, 8.932564687301653
91ccfc470d803af51ecbb91da39db5592e3a3324, 8.619224033911534
dcf7777f614c11ed45f8ff82f2c44d7dd15889af, 8.512537391438785
248ff20c10b7d18c30fc84ce214936f5bb440e6e, 8.224653493836998
8b2735093e532de21b7aabee43b9c76278bdd5cb, 8.257786917684804
fe4316169ee8c83567ebc52bc629912ff65f14b6, 8.561057421227908
9a8ad4a46036cc65da3ce25da0a1b9e70f979655, 6.3297524884051155
f1fb0a22c3c46fe87eaf8bdd97d80ed51436f782, 8.185564445579015
e299749491b5a979701f0dedd4467ed53aaf7c7c, 8.702868722498
9deeecfc873e74ca5ef8b27fb6b22bf7a536ab86, 7.308014621090603
f382c8f54d9fc494b6d8cc0751f694f0acbddca2, 8.187393679526867
884afc60bb87e1f0d85311221487273fc5d13d13, 8.431571477120547
add21f371c1ade0e82ccdacf7ce016dc151a6968, 8.436519271291587
ad77e6368d86e38cbf14a33770ca16b204522863, 8.5946903359582
a57d3a31b965e00aa208f4d499c0b3637f759838, 8.642971268219231
dd98462b95687767f50edcdc4758ff5237c0bcff, 8.56578585877586
f7ce1b89f61b8a40a961d7fee02ea31d4b27583a, 8.397638373617218
ce5a9a38579b80879f4de53eaab2d0083b685d62, 8.55665301845624
f4984561cc406867aa796356b6bf10a2091e67fe, 8.383386474284471
137ffd846ed245676a14f1d5e8676a4ef646182b, 7.54094839263338
92e2b243f8ca7bf1ce773bedf8205980f034ff05, 8.48605130809833
b8b78832d415b2137aaa400ec638ca3828510a71, 8.95576259647926
b4742d304d9cd4891aac3cedf5905676e9fcc9d5, 8.696715820166533
c1287b2f156f6963bdda82942a95288967e9422b, 6.174683497865614
ef5d4cc5cd7a9d46f3e31572d97bd52423bae4e0, 6.990614670375013
ebdfeac0c48444c5f4fd377145b2d97e12c78cac, 5.953619691846696
f01795183fd859bc35b074c06fd58b5e6623fb03, 6.9251770349044
ca01f93cb3384006f7af5de96bc25f924ad8bd14, 7.334618994524552
c9c9df2ea1ddcc10cc57d4e1d92b2f8b33d94538, 8.683053767119578
d982afe8253215b9a75464a85bb061d5d5f7975a, 8.67319080406931
a99c3a5ba8f7e25ea61f79dd74cb89d6d8bf8a43, 8.651801552682775
b459886eb6e03f683c364b338a5c2f4776391dbc, 8.349430266325683
add17ba1901ea9804a604aeed6ebe191d784785d, 8.136766798462114
c757c72ff79910b22c548daf9067d6a682bdbb4b, 8.562527724660788
d8cb6954aff8cc17b05a205c949f36b46493eb8b, 8.623950931653194
a832f98e370c27f9fbc8e0caec05700a96e89a4e, 7.795705956648189
d5cc23d9ca216f0f8c6e5ada7c4e3284a3920958, 7.2500221879414815
8fa7abd9421e396273c3571b177340434fc132f6, 7.703162388509726
fbf5d7997f35a05b4f296b7b70b08866c13db856, 8.30537906500631
c6e9fd605b75a5090b1879635a6db8da08b8a600, 8.434428514647358
a576ed0ff4b19b2c864b2c489227a491ac670b84, 7.817145510432175
de163edff457321dc540b375c7b316c7f9fe73cf, 8.609366059528178
92a1cd997867a6115b3d079903e63aba8dd214cf, 8.306478529129896
aa01429991aa756b651364d54b7b28c2bfeb6c3c, 6.595576018006897
50f17ae2d9048b293cc969aa8668b365f9773f1b, 7.532647776929672
ff3fa2ec64294f37ae968159f810ebeda7966c51, 7.166694759920319
f7875ec1207504a229cd9b5ca132437c6bdd6a4d, 8.829851230674176
da37e77368c2bd5a7a9792749fd6ed83e05e2515, 8.603989798989117
dfc34f90e58f60b101c824e10d74b8ad0c46a2cf, 8.298598600788544
4df58b4a53afe49f40e1c054f9a2e8553352e254, 8.085783275158615
ba0b274a12a5891f98da7f012d4c757aeb822917, 8.673875623029517
e73e06dbdc983d0a3ccccdf754b85603dd0818e7, 7.9737581337310965
a05a86b21a7d5922fed8c50f36d307ed7a8cc70b, 8.402044900724086
87322721181928972ce2b67242f61ff23275f3dd, 8.602271548102308
c001ef5d0a98bae288e504e13db2f1d4533021f5, 5.584587065473944
a07cb417ba30c0e4d8cc3831f093740ece8be01d, 8.920954267606907
87ce4212940578f8ab9aaab4616b104ab515d4e9, 8.766473911085326
d2491eb9351f861cdcd439fd5d73883a6d681d6a, 8.454943813225627
9871e11a3a4574e6b565733fe3e565f13d670744, 8.002595421629067
a30f91cf4dd6e15b62a675de5087a6db82d61f51, 8.51758660399482
ccc7600e812ec5b6e75a9b4e2b04f00a48d1a9dd, 8.543684748368914
aa2166a08738eb1a62d78686cce70fc5572d0607, 8.393285779811645
73c38d8466f153b974c09c066d1469f63b856d07, 8.48504810637168
db4c010c135d84c00fee816a085360bca2537594, 8.625043804456501
8531dba6dd1818a4e3f3ba5e355e1e5ea9276afe, 8.511702109461673
951b5bb9ecd6593cecd2bd72fdf62a0785bd3b3b, 8.777351187032131
bca16481f37f3534abb04344ef1855b0e56140e3, 8.487153468735672
f679eb92d1581b842e213a6d2a8a74a0b9ede984, 7.770164681430688
df15664e980175f8ee9ea6687b81c59f3139406f, 6.718185125332038
bd53f29596985f567c39329a8f8da5100810f0fd, 6.83038334785571
cb713a14e9dcf23999265a8826e204beb646626b, 4.094934862869512
fab22b3c9fd685c26953a5ffe073c4aa2a788c7a, 7.467422606643967
8674a295a4ae610ccd77b60cbaa692db6a875761, 8.660188403018436
bdefe60060197430834e27ee0ecc1d775f5e2b89, 8.760379859688213
9f605b4802c811805adc38ae19035ded09a5e4b5, 8.063475173774854
dbc27d6c8a04413d73a885a7b2c2d8db605504fe, 7.634728372277198
c15e04639eb35379bc74fd289f38b1c9d21e2278, 8.33908863992272
a65549b33ec5839c95aa1e9c2e50f74685ad7cc5, 7.2184431810502225
89b7eb7ce1dccd4f6a7eb59017ac455cf1e57766, 8.422088252376346
c308727c618e21c478dba676bcea9d040d179f99, 8.399045949350082
eb46bad8df84ccc42fb7bc9cc3a218247777367e, 8.428226917235106
c787e77b224890e7fdcc8e2ca0c0577657d98581, 8.366530478202899
94ec21d59f07c2091e0359a0085fa6c569ed30c4, 8.553568606002315
ec62a3c21a4a116991338ac88863dff35157a1a7, 8.007630134817978
9081ee605de7c5e739569f3f829cba953cb918f4, 8.057778084717935
e2670654203c6b5aa850edf95ea9e293939963fd, 8.398467650008648
a75958bf7ddea02d2c0d5a300c83abfe240f3552, 8.738255993751878
c484db51bb8e5e6218578a71ca541b135c2aa1ff, 8.75022147190944
bda97a680a69285ab84aefb75abb53676e7f6b55, 7.609420567618111
f2efe01b5b7d2613529468857009a02a3cc820b6, 7.945414009431162
ac7569c6eb788ec3ca408850d164b68f73bb148b, 8.383612646709272
911315669fafba0a06cdbf08da7cff7e81f49759, 8.302885252805211
ac6104bfab84b79b7ff1f01c576e2b7442988f38, 8.589839637287072
89cd14d1bb26c559102e9080a85ffa977cde7fda, 7.828935687318178
e90cd427d5e229999107e56e3f06953f3108635a, 8.141233592709478
a130e19ad47a6849ba0261a7a81a8d9bb93f3a7a, 8.456550502951137
baccf806cbacabe5f3a91ecd093cf36b4db436a6, 8.370135189731458
c6b1b85455fc8ae7de258ff95875644d77f55254, 8.360504471212542
b7ea6b3de19afe8e98d52228dfcc3f3027f18891, 8.291078433774292
c2dc9b42636e453c1ad8e7a5e490654d39dc303b, 8.122240780568928
cfe97f961ec4d2fc578ef0aaf87f52c54a9aa181, 8.317933595869746
c4dc23da121e0654017198804449e35b2e9c2027, 5.7614361817603355
ea79d40b446a3660b4d0b01e53fc4a14bc18f60e, 8.818090383446147
b51b95c923fbe5e4f47342faa554cacb44477016, 8.425609040922128
b0f303b4bc78b12a467c465db3b050425eadbf64, 8.493361314496982
ef02ce9a2a904477907fe9135cdcbf1652180d31, 8.329723155019547
908ccf9bf5e0e7ab597a09fa19d91b1a5563b43b, 8.451523621507683
cd2cc30c2a3c6b967fc897beaeae9d3482163a21, 8.101646650350133
e460fd665c3f541f48ac4503abf2e90b9bbb3b94, 8.335532337908473
f77371745c51f549f9a641110e52f255aaed0f10, 8.438424682475063
9938999e257ea21c657f6c63ff386937544987aa, 8.155689039989644
a05ee87ddc674ddf01518fe125eaeec0820ea53e, 8.118819640074166
913eb5b320c3f4b475e8064303960997b0dd7a9f, 8.047817241232282
e9a8e1a87eb55c0dc1787fcaed22be98d9cc1ed0, 8.461346310690661
8b43c7696dc13421431102cb4385363ee33513e0, 8.740010155289532
138c5848f009c004f0b8e2379316d5ec18332ff8, 6.751459066892986
a99ed97ee0e4d81fc9a8a5a5baaba5407a897b84, 7.210308436511575
8d9b19c2ff7d630d2d48932f3c1d35aaa97ad51f, 8.779243010745029
920523a6f06947927c3d1b9c2c902fae6eb740a1, 8.627257797491916
9d549d02a71100ae95cf02deb371138097549edc, 8.449846741400394
8c5d6de5fca9e769de9676c911d9e082ec1a9fb4, 8.651622469486123
8968e2c95fd09b05d48b4b094529d54d06bf6da5, 8.521314555242391
f8da0aad0792d4f2d30881abdbfd4029dc264842, 7.650766368349079
cf6788dceae33f7826997b7fa99b5189cff1aa4d, 8.502852854646147
908365770c09838aa1bc1874bf3915779910e775, 8.321838675488747
d4a5c57c98a9d8e16b1dd93042d22cc422772b0d, 5.690637287579192
c195c2ea359350b81a96211ccb40d03fb0501e7d, 8.112280770670376
c8332f72a4f6049ef2f28e4a0fcbde9d142c8591, 8.139371049052023
c0c13857d74703fa66da743d1d670bc2b9957f7b, 8.662961925284923
89d4e10b3c250c027e108d10ebc00bda239e7e39, 8.45268774814637
fcdf51cf37b314ebc57038046b859b3172117f4f, 8.31330678582279
cdea6ad7a63edbcba925717a8c64328c255a0450, 8.737124705936807
859c3b6fce7256abf5acfef957e6c04134c01e4b, 8.513161062027123
911f5eafac3def56e71836d495b740cd059edbcf, 8.490465248626817
f8526194e3d9450a847706ea1c474c9e1a65a3a4, 8.306043913379359
85838695003ef753ce13327655b84defa54d6eae, 8.594092646600508
d8cc02c7b6d2478b9f6d47664272c43801d6d9a9, 8.479071039308323
bbf7f2c725fe4c3e0eb56d29707437d1603b1c56, 8.247167620804492
e92f3d3e5a00b7767c239cac14b6d9fe92d5ef9b, 8.44985548703262
8bf27a767fce0a5fb359059183d06e01d62dca8c, 6.880021447160746
84b6b2d70924066c8345f2bc2281791ae3188da2, 8.47435132444617
d3de05492e2353a5f3a80b5ea37a6de4651923fe, 8.697814768233599
85bebedd9d4605ff6823f6f25c761e64a588bf22, 8.146541505136394
c2ca84eba451533cc357b9c82cdc4c59227ee38d, 8.161847993311941
b03084cbf44b7fc100db518a5ff7ef7e9924c260, 8.894538390589704
2fa311a94bc0da6d97955730d071ad6fcc770bfd, 8.072294312774327
970dc7689a54be2108e10cf65af78d85288b64e9, 8.40038599032508
f94ac320b67f53eb86a68cf30fcced221092e7fa, 8.476745878853375
baa9b5294556d31b066df7e0dd8b1b0b1a8bb9f2, 8.743302911419129
917f1aba835e5d7e79fc124c1d7a3c8c2588cf8b, 8.627628266347513
95c2c72faa0bcedf9452be96511b7ab488754e77, 8.321133711185006
9167062812b68b140da9de7f824ec6131ef31a01, 8.124754731646458
c41c79391cd0c8816cebc9a0b4ef1fcc5c2e4018, 8.641917083416764
ce3ad9b28ad26a494e6a196c110ca405402f3e9b, 8.656025330404411
cc818564efabc759f8cfd2e978029ff6125406cf, 8.34003591595107
cd2b912e4a3d661cd4f500287d3bf1b4f444b7bd, 8.497932512543276
85bf028205803eb9b1e5494c540ddd2938606606, 8.494218297084593
e7d0678e66dad824da63837b53bb0bb38a571f42, 8.432589445459175
abae080e558fbbcf25131d47ef3dbea697548f14, 8.68953501482866
ddffb03cf0301334f5a2f89626640fa8812bde5c, 8.47873236168284
db7c4fbff4eaf7b21678b8b053a0c3dcd74dd2b1, 8.707770089430898
badea8134ecf83e912ac6628ec12465e227c1e6a, 8.547204887774722
c3127c3c92a3d510a78a5248b4e7fac50ab81e0b, 8.708702819474757
9b788cef19b68860b4cba1f072cfc4744e6610b7, 8.827541956835653
afc376cc4bc5460a941a5d21f91d19f159cdf490, 8.373754451119526
c52fc84d8cd2335788c472ff6fa6b3aaaa8f2252, 8.313475691010986
c2da78b847fbfac6920b3c5a2086c79b3a2db8f7, 8.672161227714763
aa8e2b08e043c6d844c28cb004a224615af29e90, 8.376915599341276
bec0491f541a76e4fa31e17842bc573c812cb528, 8.359022410330253
9843de5b71377fd3392db81e3178e11bbe90d95c, 7.9358960472453965
c846650d2b1b4a07f67e13c5aa56c15185f81f15, 8.708439071105149
af744dfd0234f2b89d667f962f13cff1b5d0c9e0, 8.441541012156637
84a17972cc6d29489bbe205a9e7feb8745726fbc, 8.17329555333931
a4a81c655f21aac65297532528cba5a28e8f5ab1, 8.343899390835434
d4a08e7df54afbd81401faf2e0349e88ed7fc2d9, 8.15225493453971
a6bd1b3de6ceb8be610c33e3a0e4a89350700984, 6.975168944390634
eb83b2280e41f55da33ed81e62d7b8ebba9a93f8, 8.60845071766586
ce2f2072bf32af4582a24726936af34f88225213, 8.45033288304101
c667e08eaa5cf47dba38ac81da9c185659db42c2, 7.728676392959175
ed8ffb58d172827f17d1abead83d9b8c44b554df, 7.056207369397421
b7931b60e23916058a5767895b9214dac7a6515e, 8.289691386900644
e3b9460f9a4bd3f4a5243f388246084f41e0dab2, 8.384645580947002
c0b8f55536e05f6da91c3b65ddfb69dc8daa12e9, 8.531120404092542
f97b1dbd007f20fea2e262e62433e01ae91da602, 7.94853243449534
ab7c842d24cac25a1a3852cce506ca92cb8ed428, 8.193579810660328
c69dcaf9e10f52b187b13e678f9fe65505167720, 8.334376803431377
99751d158308f801241e028eb7c6b0363fc6ec88, 8.43884482511282
9d053bdf589efd451ff25e1977e438b11122e0fa, 8.592698169878172
9cb2a2853cd6c58a9b7d07a87ef3138c3cf723b8, 8.364975639200885
98cafa82b3e7f1a3a179c62509778cf9290ca87c, 8.415077845301509
9db80a153d642e12571588fd68473c6e307195df, 8.699088693201801
87752697bce404c9b410be71a45e76f3c7fc9392, 8.527537488962707
980f92c1ca3d1d662e790e884a1bafb6785dfe45, 8.44244616282892
9ec591a707f8d7eaaa8b43b6faa23292511ffef3, 8.497738238072136
cb0f9c7be617b2bd18ae83ee9e85b621cabda67c, 8.1953912204579
a52c67c0bc1c6ae7da7c6e4d38cc7ac5a869ed39, 8.27323872748598
af124b723c6d0d777c60479978e8da661b34bc2a, 8.592087415814854
9981528e7324f2d92c27f163b5d0424a07f94b67, 8.242409355381124
eadbb37222d32232022838b7765dea96bf38e0f6, 7.172253180896601
8d65a433657534866907ca34885953c36951db06, 8.137287626568682
e7b94e593e93b6fe31083393cff1d63ca2142b64, 8.073381936924772
d06025e3b7e91bb8718335f7328466206060faee, 8.27405483810414
af8cb88c604c245257dfd33607bcb87cd357d3c9, 7.349961364980977
f2418c1ba0f63cb975e6d8c26ce4a145b11ad924, 8.67381425958273
d66918b05a4d978f6aa15979c85902d09babc898, 7.980994208073496
96013c7ce1186c9a18f5127959bb867243b1b9f2, 8.981483149348026
4dcdd4c95ba88786172619ebea8aad4ec757a150, 8.057414274920523
f78599d53dcb621a631b8dbc0feb5dd63e2aedd3, 8.547796646195456
9a7c94325cf12595e72895187822c354cd8ef458, 8.319597948703429
f3a603f5ad05ee8b8374af6523467f1ee058959e, 8.585597767701948
e3919de46ecd1f707451dad4a1ac88e5b7403f11, 7.861529730049468
e6900f649459ddbd9ee38b93582378162c8d77ac, 8.52504097634951
ab2a1e43f425b67817553405c41c09a9bcb0e9c4, 8.290079836794627
8b3f8cb80815c489e6278cfc1a371b3bee3f6e1e, 8.64747958435607
d4707fc4aa22e29062e02639a1b8c9f7ba3e6b65, 7.109358498883361
8a97d52d61d704e77f82fd7f1161d98054f48f25, 8.386789853813353
9c4e901d499220d23e819ffe0156ef62c7bcfdbc, 8.131938232030592
ff12d6e2ab80696ed8e22fbe5497e96c68d29076, 8.635903250345025
eee2c3c453eb64f9c327f09e83be35ef36528101, 8.494538208978263
999704c760821f39257d453f58ae57cdc5db7cee, 9.061985360694218
f42621bb38f167d2de3d662cbe897f5fd1234aa3, 8.641497923426757
d7af1840c8914a381ffae4617c33ab76833d9513, 8.40834971876342
b52028ddeb0e0289019154f32e763393f83a30a9, 7.672049460572782
b2b334fbcfc12bdf6bba8dc45aa8ade3ddb746aa, 8.498898714493901
f1302a0b13ef669e0d797c1d4106355cc43f7144, 8.542698484066893
a0ec1fa9ef85571c363b1ff524a7bccd583b0ee2, 7.324500417712056
f861873a2af44519d0c30b7b390257e28084c360, 8.564219541346743
9c8c8ca8e36d83954ecf380f84b01759c8363df6, 8.68320504242895
9906fd2917a481b373848f6d084228f34ace63a4, 8.649304239945328
a211065a6e065d2421b924d4e9314f1026611aa2, 8.239873726486811
3d4f612148056feeb651f4711c1f640f5015101a, 6.903825037520575
ddc549a4ced606b9181bc2e6e0bb75824fc20f70, 8.646084466429558
92f51b59f25a16e76b18441fbe797a2fa2a5d3b5, 8.670460974267884
ebe0702c8a0d906044fbc61cf18d3f8dc9aacef9, 8.736714435794836
89521736c16fbbd86315c3f3c555132aee8896ae, 8.40226664384824
b1e8855867b91eadecefd05a09f101799008b8c7, 7.984656110648119
aba3f0810ff4abb82c285780965735f59dffc070, 8.287351249434053
f126cb73dbad037e40b322f82b6f40e92a15a595, 7.296364749600389
be6f4f4f657c80883591c6749a7951f9c992e4b9, 8.658180300519344
aa1696aba3e93761b292c97c68bb0e06bb2f537d, 8.616899049457176
ea8f19a7914d05412dc4159108d93d42a675e2e8, 7.779477776685594
952c0daa0b72620df1288d516f0a2abeb5b3986d, 6.085396541700734
adf4cd4036fe7649e15bbc8379f224685017b379, 7.326451732902451
8f7402db46b9b2a95aaa8282be9e471a3ee659ba, 8.341138926129526
df42fc345b50f42b32dc5f9df420978b1cda663d, 8.447472682648302
af618fc07f8f8c9e1697d7e8ce5cea9dd4ddee00, 8.654768316801574
cee41e969faac5fdd054a726b10fb09228eb7061, 8.259856153782463
e7cef9ca74dbf2dc906e3216004a1b5e6a96e241, 8.568656181565334
a9da415ddd0567c5995957b2239621158a4521f1, 8.36682988141497
9f8f3fbc1f6d3f36859a33054203c55d028c6e65, 7.961420575429769
d5155526fe2b5c2b956687b34d478647ef6bd092, 8.402771620584321
c352dbabae85680f4ce4ebf67886666ce47edade, 7.1739533443281065
db5924e7ed00c9136308999827d50dbcecae5091, 7.102923936944773
c3bf932c28538beb5024e80bd06e09c44661c8f7, 8.370813836980453
eda32ee9ebe79ae7f85927db19cadc6199752dfd, 8.67871606370471
d0f28e44db91cce7caff1db428643300dfb3392f, 8.621604815560506
c162ce77f4002856b569f63b1e2b58ccd6d961e2, 8.604557400589961
b6de7562a3dfc6522d1d9f86967f5159e3f2f090, 8.526229993814736
8b557374000feae5ac9aee7b4078bfea53176ffc, 8.408330537866373
0bf111a9caedf02804f6991792490e63bc21058a, 8.406721391925371
a5aef107fcfe6b7323ead96aed8ef74a69efe042, 8.588640539573872
bfe7f84ef78bc0134134fcb799465996fa84e4b0, 8.5428076390711
bba75421c48ff666a96646bd283072492fc712ea, 8.023726956554762
df8fb59599b421d91967aa7d053fa72e91e4f6fb, 8.748016773137731
9eef5b76500d606c0ace08b9cd3ee9403e9e9664, 9.595577368180868
8e20affd5aca29391f582b7dd756c83205297c11, 8.387797214158283
cac291a9658d7ef15e1ef0c71b188d96eec19ad0, 7.626067077399378
e45204eccdaf94faa580c54b1fe1289c97b1f56c, 8.069730928536927
be40efffa2a2ea77d3d2fb0cf1f8dd6a8da2b287, 7.909836858793146
b11c7371190aaf26293afea3ba2146f21205f73f, 8.437245540289453
f4c3f24024c2e96ed13a845b5ad7213143844d9f, 8.748140139481626
c87d4a1dca2349d1fbdff1c6d6a57708c1df793e, 8.250031901122398
9c59b505cc82ae66d54df9629666137c9527e56d, 8.56868383491147
d615e34b407b1816d1ae062d56a466c1d17b68ae, 8.252173670466767
d68718e7e9140ca136bf5e39efd7c122632ebba2, 8.341150418427736
bbb7c8095658b847103c47aa2a4b55440b0e9ffe, 8.636356464209957
bc1f0dc5b937d54fa64e44c1e4e0de0e5a4724c1, 8.295855108649203
ad3d8c094d5606a8005bb22a4cf910e497a03224, 8.384378733024612
8aea6c59a11267f4143312770b4c84a2be56f353, 8.573803242536869
cf5422ab2f6793f4d5930d2901e652ed7dadac9d, 8.414988926350528
8576d2d269326a29503a1763996227723fa531a7, 8.507121652757235
cd1c8085cc77aaebd3c527b4ecae7e9150ce0d77, 8.498309954561835
e2d88e3ad6275b7eca2bff120e467f9158b29fc5, 8.201231659217243
4f571f241bb2d884216b4712cdcd482e310a718a, 7.191943001912598
9e4c480f54169dd91629ec30917139f2b16bf6b3, 8.179814246198456
c0986547994c0c40ee739f045a02e1ce427ec132, 7.107163759950554
91eb4058d0937eb5499d0f6b2a8dbae6f47eddf9, 8.218472969821248
892240639d1170ec0f4bb6248ba3e9bd390ed089, 8.639909328851841
87b3a5eca0c70c7828168756cd7813cc8b3285bd, 8.53587017888027
75ef6c3aff156ef52aa846c2fc3b26271e50e335, 8.245756704815921
c32840e4bedac9715b49ce3f04b3dedb98007cfe, 3.6086678795342597
aef76b2d6bbd67cf3aac958965862b263c50d4e6, 8.417254921672109
fcd6e54df612c033e7a465155046b5223ca4eee3, 7.0446813894093285
a50e88cb6830931dd1271dfc49b3497d63bd436b, 8.207212151040261
9bbf52d74e4300842b27973d5e1d65a74c54c1b9, 7.709484858645474
b7297bd49e99532695b6290f29fac82928f9e03d, 8.515219625675256
c047e3345530b4b4634715536ac54cec9c756b66, 8.498841419521984
d023d3790457d12ac59581326aff1a396b206d09, 8.536252186362079
c2ac862e74879f4b60191f0bb1397eff1e157c8b, 8.45211249555292
8960e95f79cd20b46b7e8fd09d0aa88015566a9a, 8.599339808093072
ca3bb5c80bd96ba545e0a42232c6fcdb55f7106a, 7.754743557526209
e20abeea371227f8a6318491ca3c0211afbdc1a1, 8.243971882958876
e40337a34c269120bffcc76e69700d06f6d716ce, 7.6191960733541455
f639cf4aa4008b2bf51b274cc01dede03666150e, 8.991035647696371
b729f209cdcbb802e5f6f16fd902793131660968, 8.591542228697516
f05838da14ca1dad97a5cc0c58323c6df9153257, 8.241226719864043
b0718e2faa64ff947c0ba9e9516616b44c8f4a5d, 8.466598161214126
cc8edf9c827fef5ead4c85eabf96ca7033ddf165, 8.154896929147284
d37f552ad5c3e1e1c3fc9aebbea6cf50e1b9f334, 8.496120988436207
ab4899d3252b533827ab7d15261b9edb38cf0a7a, 8.453333544308093
a244f431e70a9d4c780ac6914b564d98c04ac7ff, 7.089820809137292
39713cf2db02601e4bd6360ba70f8013c0433f48, 7.922731998492764
d94808bbe3e5b3ffc39c8d68e0eed70929c70762, 7.350826837475445
c0d3079f5b83f8962c439707b96c7ee43be2ca18, 8.3197205600652
a11fcd52b2df310a3f3bf8e0561a2c587005e96d, 8.673127667469307
dea33f83f3cd94f54f1063a0cd22eab07ec8d3cd, 8.314113649669492
ffe872165621d735a48bb5db0c71dd5195cba359, 8.809888515797173
d4ca57e34b4e28a3a0c73339e0c72db036894d3a, 8.713056717793418
f947938c0e7c1345a488d9f17a74331ca6f478dc, 8.712273331058082
f3d6d22e76fc586bffc4f5ac1d73f096f03efa0f, 8.536058756624632
cf4bc843e5bd6ba302b1289af66f383b0329d6bf, 8.009382340899677
87e4a8d6efab19e147f510e9b5d10c0d0ff5845e, 8.634605974715658
e8335df6f0ac481c6ac16096889c51cb95ab2f6c, 8.771038252757418
ec7d2ce8cce8253208e8d0ae74991b46ce2eadf0, 8.511647151141693
36dbfe4759f861ee72011812df2178cbbfd736a1, 7.625292057461027
ea55b410ce0e38664c6597e4bfa09fce84399461, 8.35103060521475
8819c6723e6d42ad569274ebe2ce4212fd8621c4, 8.429135590828558
f5674c61e82766371ddd913c99e6b70414f4dd55, 8.351704089314804
9038ddd6c0d498cb8c65b4510e99e8527eabd40c, 8.535938107693513
aa8508f6aa7e91da7efc770fc0e04c471463ffeb, 7.737722151878375
86adc493a1cc74328222a194a1d1e3adf098b5c8, 8.533022574611001
edcb11b4746d7b8056929a37a11e81b0fe3202c9, 8.480560157256951
962de82430c78164a7c1cceffdfe31dd0f3c3cd3, 8.207088163284704
c8944ded19113906cf130904726028c5c1a11138, 9.072578638235358
e4935a868e50ec1951f892af50e2f5886c935919, 8.398010205701404
feb8a2859a011c59efd22ed419cb69288fe03627, 8.334625520107881
73ec1e02101d9e26fb75fe8580eec218d09ba78b, 9.136805546425814
bb6bcc05d3ef04c14c73ce93dad8c9ea60f5297b, 9.065398450959709
035f97702f2c01d26ab1fae8f39ea2f98a0caa3c, 8.03571676415275
c9d7b86399869ced995a6e467a257c3915339562, 8.467623346350647
dbb0e3f3c32292438fbd39684d9f1ad153bba64a, 8.61895340194339
d57eca033aa6388430166086ed3d0390ffefa85d, 8.56431053102005
67f697ac574661dca982dcd95ba358bde5b48a8e, 6.9205692856534595
b75c5320a2ce606e7c46d1f82723e1e461f37a68, 7.875672102226609
947a2e7cf57ae1a546f98831d861cd87c4fd5ff5, 8.560002575006456
f5ede5df58c2ea59be6b8c8097659bb8c2e9d0e9, 8.204698305026639
7494b38c6d82b590c4afa6cc975f583f51395177, 8.118705868604728
faab34a8374299678ccf4eaa3628cdba3b65bfa6, 7.056227585315646
861075bc29124627aacce66a29c6dd835abcf3be, 8.075392199659879
ee30201b0b1261fcb6cf010787990ec87343d300, 9.804270770112216
d7a319cabc8e30b748e2beca44fc575fc83197d3, 8.358739007486395
eb001120a0f842e5bbfd786652695628bd65090c, 8.670133670683425
b2c520e7e4ea03898e0b8204fea068149d5535c8, 8.356958630376552
d0561a58b05777ad43db1e0627d8770d37c48d5e, 7.976436874166033
a632e2659eb116c7514dd825ffaa8939365c71e2, 6.836871701530872
d5179819718a325ee33fa2096f37995ea6cfea8c, 7.9948338346271965
aa2ad4e1f1035826e6351e1e801eb57c0b494267, 8.468848014440786
67212308d026508fd5b6942ffbbdd7b0be2e89de, 9.04824748299575
a6f3201e19df0a0fdf0a3d878d6a8d2e50eefc70, 8.343149364849648
a7442b91887824d182c90cd82955b97a1404dc21, 6.9422739076862525
e25991f3bf474e9b542b09aef2407a78f3ffc61d, 5.234477003477922
8fdb7157f90753735edf97fcc828b75e6a8042d6, 8.472575562075088
b7047722486e995e27292b5ab1945d72ab5a3708, 8.39553724875701
accf49bc7124b7fdffea9e75a869a597c4e8adce, 7.4691958957490066
ca6829e71c271976a4eeae12cbba5e49f232da3e, 8.695014394661888
ea0a8f0b0b712337c3740e6ad5293f3dc47db568, 7.8274175935060155
adcfbf9c58d92335f9b971f6a9afd19d9feab214, 8.043871579293905
c52befc118a44669cbf7912b419dfc433c1c0eee, 8.345826463257726
61c0c30e1af44a3ad57880bfab7a88591a434b92, 7.103642007296095
c4f595ca17b4c13287b0beec0dbd45d0e356055b, 3.6086678795342597
f18c98fe93f825e2c01296bad47dc072ff70eef1, 8.51372119766193
b3f68ef83acd623f98f4a03fc633905fb2a5b027, 8.815227232926567
93bda77bd8d32e4fa1a0549b76f807fbc22f1f7f, 8.275513644201748
909386947a62f62c8b94ddde0b623b87c01e2524, 8.4255403646003
c2660985c0dbf52fe68f7d3620fffa6ff8f2794f, 8.646177642721021
d8ad4586476ab6240c0ec83f3c12cd4cc7a8f622, 8.702027219572967
c28a837bbc21a0b6ea686c34b12a7e6badbc9140, 8.711852560098954
cc431fffd568a0d46d302233b4d71bd216fa94f3, 8.45961746603729
90d54808ce52c41418550421c387818cae759dec, 8.824782721891872
a9ccae25b9a8738fd3ce42dfb0fc5e92ca9b8d7f, 8.19492586722063
8d0a196c1c472a4601384f4235f293c4a341b3a9, 8.343005233753509
ed3e0c98995edeee0b0a55fe15929a82097e93fe, 8.340661005179687
a62742a35ef9194f7da07e547fe13f99bb6257bd, 8.781890553538844
e3c9abe5680cb3851ac38d00a01c46f58b6aaaeb, 7.07584807715049
798e6393c36bd3b6dc0a9f97de7d4c87a6e5b252, 7.687274914121773
a74f9942a4bf89bc51a259bdd7f5427f1ccc82f8, 8.669983168451996
6434afe6261c6f3f4fdbad511a2db8ef090f8c07, 6.481597059809656
b68533a39390311fdd9ca8baced33145784eb561, 7.914900657018672
df90d9da415c30c25a16e21ca85638577961e81b, 8.400116474360017
cd32daa7c1ff3ed117a127c9c185c1b53a396138, 7.972917183804423
dace1e5b88ac51d7bd53523ad70f8d5d188b9368, 8.376153677359506
f90fb4df43d85aad3ae9602aea19fdb4f47de984, 8.639734594945516
72a34636b5a1de1c3796e43d5abc564b4d0803e7, 7.113701826621081
d5e3e0d1ec5eae8e2fc08b9c3607cc766be6dffe, 8.49402520049119
a274dc9836c18bf295e9e81afecbdd72825ea79c, 7.142134119019612
a1d026f103e45011fefbfd9ddc32eedf16edd5f8, 7.333007976397157
9de51c3306c206bfeaf41f4aafc8526300a9f103, 8.79524538303569
dafd07b7aab7dad9894cee44cad55efc89255614, 8.593750376508108
e15002a49ed03188f18c7a791c458c19d1ec973a, 8.410599174825917
899bf68f741b96e69c8b1d6bf22fd86e00b7c00f, 7.490682124041465
b11bdeda44addd99b9b0cdc016fcd27262b51fdb, 8.432967605692168
f7b65fa8dfbc07f71d9e206d1e1fd35b986cab65, 8.523082775946705
ae84ba8c1585fe80b8d2cc991a9cc4af2921a2a2, 8.89631446257334
f38238ea1bfa182b81a7d73d563b61dbf2825754, 7.239411868676209
8ee77ba42fdd6aff7a9eaa84d70064c4cb39cdc2, 7.9600978971412575
d84468682013517fdcb3506ee81783dcbdf3bad4, 8.43014981864521
b25340984452108c2928e20f412866a7dbf4646c, 8.656558780539598
cfe62afe7795494a49cfaa46bdf17c38a3c0d284, 8.553309793615558
e63a9cdc387a31ea563ecc24b20eb824a8c54ebb, 8.362408156268755
a1b60c404f7df8f6f2695982048cac298567b821, 8.479154455302698
f7e7c21b753521a3f4eb226d9c69d71214e183bd, 8.483263796457004
12887fd9a4df4ba9b88a71f3fb1d2502a75995dd, 8.5329279420245
b392a38d92631885c3b63500548976ac63518da7, 6.783168975473104
9e1f7de0fe95b78cc2236adb52b0420b382b40c3, 7.229003348626952
b6535907c852434b9243df7a0e65f04d688d049f, 8.706219541656344
8c6976c873d2ab3f4af9188a4189c46a032a53d5, 8.517638503018519
f35248e9e95942a05313dda4f3a677705d8c651b, 8.572493798548182
d13ea487552242f9c688d613dab06ea5b8a867a1, 8.448889872152863
d11774bd10cd517b1cde216ca391e76efaf59b44, 7.724388710299084
9a20834c7ddbbf82eff849ff8e4f321b856970de, 8.347614349624562
fc83d8b4ec86934a2daa128311afedeb0ca5fd50, 8.714694636080702
952e48fc51ee7afbd972a8305c2f22a80ce9ce92, 8.742115245328177
cdfb7ea46096b2a49dd710ef5dfe7bb354cda15a, 8.456611220429949
ac018ab3a6242492006b3ca1e0c508abd1761538, 8.52869973007343
e65a627881df5d3e0bfad77c56221d858da5ead0, 8.363914450928037
ea7332c6a62cada8a8e85200ddb71fed941ce876, 8.045132432678336
86a7e49131f2acbd350c4b0b9a2243838bd4e122, 8.206391963102751
921b990c548efb5620585b0fe3049ed43dfda903, 8.172353136943629
a727c00002127704e5ae41a4a08948dc43b4aefc, 7.192919053922857
8d811d7887c2c868b631a2bd296412bde2b49bae, 8.17715875033682
cb7cbbf59876001661704aca5fa8d70467f514a6, 8.884750928808751
410357eb9129023509cfaf8d38be61c050bb3b05, 7.181159695096202
bd81b591d06c4a726078a831c11516d6ee27541d, 8.506213940216083
9b9216e586500b4d619e331890d3745eea1176b0, 8.53082833012438
b56069b7f468c9cb3ff1ed8830af52d4e2fe60c0, 9.160672115530781
f01bb96987327c1dfec6ddbc980cfd85650f20d6, 8.55667671131169
d0d3472fa981f90d8e6d036dea4bb627c73b6592, 8.716525554854929
8d14518288c33c098206996aab23c31b3eefc864, 6.305511073844334
8dada7632816cb20f182c306ae74184ea9e056fb, 8.416728920336867
e105dc9d8869af3a83704a5d048424441ce4ad01, 6.325515567588195
d69d2c6bc916b8d054bd50f4270a1c6d8cca1426, 8.922701162565966
bd18fefd95851483c8aab15987fec421f92523fb, 8.477854329709348
aa953585f60c1f5711c6d5159abbcaafcc89eb77, 8.423828044874298
e816ed48800359bfd078c1444a40e00be6fbb5bf, 7.903319875827573
badf8b0a0c342afb7e1eecc4fb19feb7ed28e180, 7.794240806980447
c072621681c71501470509aeb1c51e3f9f98df5e, 8.06710484250649
cb16d181d96fc8c94f8416437c059b5f0aabded1, 8.31956032716813
99935e2b7f9f41bd823ece5418896aaf72e223fc, 8.423291358831895
e89a4f1825ece62064e95e63475769011258af36, 8.48613088778189
9ec1ac8c3d812703485bee8d58b2a81f4edc8754, 8.010030351322857
ad03c4fb44da8b106e362ef8c65fe2bf34a385d1, 8.161652944881356
e04a53abed6db648ac01e162aad84ef8b608365b, 8.468031193288212
d8550edf3efaf335a9648aec7584ab6acb55cf30, 8.3136434979064
e67fff49031a4f2699f10d6a2dd89b4cafc70323, 8.103187340059543
f944b947ec651ccf64807b644af38c6f04229bb7, 8.482642500711073
737dd3b5a70f36e8bb79f4c5cf86c7ccfb1e7d55, 8.443971382798823
e659bb37740950badc7fac606f227ba5f74fa866, 9.064653181349888
ce56b4a23981e6c9f70e87f087bc1be07fdf25cd, 8.659810029485856
e873b044ecba72370076d7fe198eeaad94bef3a1, 6.0068485455334475
ecd66b9bbdcc6ae1eb9a6b765868cba3601730b6, 8.479094657213302
c746678029d2139e7658a0f94e98bbf09f258673, 7.952075373164718
9bc8e6286b7a331de79c4c4e868b806c0b3bb12a, 8.189084318001544
a90b8415afe8507a36e7be7511fd36f1045418b7, 7.12562476621319
bb603e54f5809d802fec4c70df7b2c29a5125a89, 8.52083091134325
f492b1eb37bae60ab4597c161e7b67d9cc9e4dc6, 8.400160039312082
dc5325f05ad384cacb2431acfa1f398913151afb, 8.501102689423776
f459440c7a99294ca9763f332cd9aa09b0c280d6, 7.746366325967645
994f5b5cdc8a126efbb290700caf797948ac1841, 8.101566605147527
b041f9ef5ab6da232256530cf8e22c31ac99971d, 8.674598440077949
88188301e8d3565c7f1e2cee1f9ab8794676216a, 8.356964952366985
cb72cf616f3cafed458ef94be529c172bbcc5277, 8.37206900562223
bf22fb15bf51bc4bcf3d50f7494caad62a596d0e, 8.729358008188218
ce201bf315598feafcad345a663284bc266862c0, 8.274574801440279
f9e06c04dc036b01f65e7f71a9201922f201dade, 8.662667200795065
ae7e6756887c7c2d0e3d26bb83045d298dcb5ddd, 8.58575496098527
bb81a7f88631b987cd15c8d539e806ad17a5b664, 8.395401652862
d1e238d8cc58ceae3359c94b2a4a976a975fc9ac, 8.68666259556024
f0be3049c99eb84be5aae5352c2f0ccf661e1f43, 8.363359833570277
ededd47b1e0c18d4af4ad2b0cc21eebcb7c6e6b9, 7.798609210278843
9d789185f1d5fb7bd42acd9d6dc1f5380fef1c4c, 8.47183580157233
91f7019ee1831ead0e667cf264dfe7be6b743f3f, 9.029302203580936
af12f06588c971f6425a28d61e4511bafff05bb7, 8.511734279968545
ae75c8309bea2f4a1b1624ce50d0994d5b4dc451, 8.91084712536827
d73a15bdcce722312152f547cec67e8dd584a6a8, 8.722425186846088
f9f4d4ef2a3de006bd037db9eb160ab8e51c79f2, 8.083372331205727
f91758fe4f441cd4b7b053a03252b4c50f3d4737, 8.334012565706857
e99d4fb3ef87d5e201da3b08841541fd953af089, 7.7360550179043175
d2ef78c03149ddfd267005d0dcd248adcc227e02, 8.200416316361025
edd78ffaa7bc16d94ee6908b98b3d9863f492c89, 8.362653906923962
88a694a270a460f5a09e1e8c569b036d03b9b5ea, 9.119691665628691
ba37558e4c84bdb5486d1b3622b0ac7ed3d5222d, 7.541200823470006
8ef999ab1a83c2760064ac6c7a4b6c4115c5a186, 8.380342871710146
d92840812393583b0f053de80ecee59f5b19bc03, 8.927029650761488
9cf5d1c0d7ddfd6b78c222e83894ca3a75ee47f2, 8.572324330708648
92828f67b16f5e96ddb0d436aaa6f1193104c037, 8.534117029809494
98903e3bc03971360097ad809526370f701ef5f7, 8.587384809297136
5b023883ac089df249ef06f7c8c4398f37e1c55d, 7.166288058691048
d11e42daac68288eea95d8923771a326e667b520, 8.470244403386108
529d7e5b25e40c18bb7ea49be0963ed7f3e288ea, 8.498843242141971
b51687ca4edcbe2376bc3204617227bceb0a52c0, 8.450176283604815
92213400df98f5441533511526206328cdde4159, 8.746843084444954
8e5fc3c13f17c0502fe3f0a8404b461b46183f8a, 8.477121899830234
b3946c98c388b721854634038fbd1820a7ff046d, 7.59406541566718
ad57f4feb3cdcdfbb77d4ccd074d9ca50227661d, 8.69607753448498
adc3882c435a390c34d34279b5528215928944df, 8.592512044693798
b8e898c506ad360ead5d4fafe6651fadfed6645a, 7.899147748347169
a10c5f4ba04fc56032719cc84184c0ad5b5f8446, 8.26016886159508
e07c3edba3602b0d172c2db763539dfa9819027c, 8.549132937552338
c3fdd44aeb469416e4895afe4040e54eebc23db5, 7.99737218523433
549b4b9f5408631f8a062a6a3b71c496646ee0fb, 8.469786080301109
f440f5463ae218aef17a60e9f2ffc7dbbc45dc54, 8.388212482540728
f92e3ec921384713419dca56d1fe2be1d51f1b54, 8.334242661366988
797c7c555f32a47816ca7f0c017002a2131c132a, 7.1987109808825105
eaf60b6a377c720fa7a13f97831f38531047a217, 8.442629505739234
f91b376092344f19705df8873d25aa4a34bafce6, 8.503307799100888
bbaeaab91cec9991b4747c8ca3fba0981bf68ad5, 7.138276128550891
9272bf390ef4a8e31a5285c14ec721495414c53a, 8.267692975681104
d66c55f4502b462e88d4529dd6b4d167fd42d165, 8.497601811562063
950671c7855e25bf4a8330768cabc430bee030c9, 8.510576940716597
9d46769291771df99e8061cc9c5d79aacb087210, 6.9156470137468595
cbb7db3eb5270179fe8ebb9e73dde2c894c9a971, 7.9506293265253065
baae1f7bd8567b6f9e220cc863c92124fa71e1fe, 8.759331671072808
cc1f8f78f5ef5237c717194b38699b168c265513, 8.238886737710716
f4367a0ab2083a66a5fa812df89e590d3fd3b5a8, 7.220969207650202
e85a79ca1bb1f59951efb5c25e40e0ee73985cdb, 7.78851084897119
9b6d776d82bca421eb10bc4a1f5f866af7fc2a3d, 8.314877141097577
9d69c1d50467997289ee1396002cd197883a2b74, 6.783664422298539
bc8caaa2729aa0c9179e8d66388586a4a8586f20, 8.220806664718966
aa2288779d4ddfe46b3dcab170577d4f5096ab15, 6.0144768347038395
fb0a2834f5f131005e12dc1962056623ee6a7188, 7.674657674265539
9b4fd6bc9be128b294d3a8590bb6a146bc503902, 8.498567428478005
f9491b0ab4aee90c428545e0e315a3af1f827595, 8.861766202443809
b1179b71e93f6ccfe9702cc342e53c5c04d2cf60, 8.367481316864126
cf8a26a2ce3ac2cfd81a1050e73bdc7a4cd225e0, 6.193313569432997
8b158f3040b574b6d08148e24946fba8bbdc29ca, 8.352526271208742
326a025b5c23347b9eb2c5ceae75a5908a461f69, 7.246616892731202
9d91374d67624389dacb4b429b8fa8c18442b29c, 8.655698076048125
a24729ea6c4aab24a9d6dc73513113e8b8fcf35c, 7.719281236096997
f4d9301713b16c13c174f19e18d0200175494a79, 8.546156464793942
b27862a2f9590331f29ffdc8f3648dec2a7a7d30, 7.395193984378896
9c03af1da21c500de8e0a1be24e3c22d341961ca, 8.455863995940126
c8ea10d959a7c782b45e6e83040472d432fa448f, 7.2665919592349235
96d8f7656a57c4a757129d95863a463358a0c3ca, 7.721021800177063
dfdeea1cf0b4fb6c906a25d99aa5756efe14c996, 8.699584856564051
9a5d7462df7a85794cd0d7d2c510ebf725d2e13d, 8.943324584142012
ece9b75bda9d53b5a67f7bb53b5635a3df017020, 7.710793801142554
c4504ac02ad7e7e0c9ea3a1d78601374e483fc30, 8.426654362682813
8ee958ba68793684a9962e1b60847d7b73d7c9d1, 8.675940496839216
8ab396fa5981adcdc777254c57ea744f1fd4cd2c, 9.233551194723612
bfb055d2c2ba396d5e6bd6022719b3ade1cd1407, 8.54616200067444
c8bd30152ccbeebb18f9b1fedac0869f845980df, 9.711610657201255
8f19ffb508b23f955b93ebd99153f8ec99025785, 7.831015197680403
a94238b07de77bffd5189487ac3d56b96db7e09a, 8.382537189153643
a819175c8808635fda7c3854536f82d90a7b31cf, 7.740398837518065
f4a045088bd0003226023c10214248049d9da90f, 6.138355465426003
e1d3226bcfad8043e69d31f3d76e719c7f041d3e, 8.791667950306769
cee203ff00aaca3eaaef780ea6c4a68a3f8fd2fa, 8.530390504663774
c21b13edbab3d247c8816a374ebb57ef71700952, 8.454022841609813
a7e953186fda9e7bf8368e2d00a19d024f7db5c8, 8.966782713131387
86d9a98ab0225d2c2faf6d51fe3b9fad194c3ce3, 7.5151135953519095
cd6862158d54e5c270e8d4bed99f73f32a721e14, 8.480630864491385
fef4a3263ed9a8ab14d457694bb8fd86ccd98312, 8.678729109265866
9a6d7a470aab3fb51ab58261637c58c239ad804f, 8.305806333368121
d6515d627895751c832a3075053719da2f5e6cef, 8.254857680786559
a57e6a1dc883554789ef6049be9b51530a7aa207, 8.246030911266244
c670d2529bab25c82fc7c3757cb11e7f2e404de8, 8.920925706605631
c096fc1d9c0ad8efae9cfd509f75522c50603692, 9.007529101393505
9cf17df2214b19cf4cd63df22b802afde8cb98eb, 9.610222852856616
b9cfcb9ade5f88679b72a7977c50eaca7170206b, 8.401968883479487
0134f9f410c65ad0e8c2254a7e9288670e02a183, 7.836347264256335
f6c974c003c063735fb1afcba0aec50acdb89861, 8.449730266431771
efcf2fbf26e74d0af378d96a168c8cdc05c42a84, 7.883721718164767
92cea32d04d98c66af1c1366fe9811047a9b1cea, 8.73523851464128
bdcfd5ee015db872058dc442ab9d3c72518366ff, 8.662132007469548
93635a4013ec683f217cad90ca4e41aa557c3922, 6.138355465426003
e0850b1bd8f8de58096da128ec94efbdf5f05ca8, 9.039700993647628
c8a8565f00553a00a5d510958dc8c40a4a477783, 8.519453625375293
0aaebc88f6106684d6993c156104c1ef36cf94e0, 8.218345903910667
f037357014544261767c6ab5b172b246b09d3ddb, 7.6629521514553565
edc5737211dd036ad81985e117aea3ab9cbc030a, 7.4406475557538245
e036815d3a8d88224e7e8a95c64ca031dd5b205f, 7.6334110059521665
a3748712b8685edb49cf966b7e662e1647503013, 7.459815971733948
f6f5b15522aa9457158ec6d7a16caaacd6cbee42, 8.433259173302181
b9db6bc5ded963759b9a1db58adbaad3314169d6, 8.250655550081506
e95d7442ab6fb642a8c3529ef2fc8aa25a774e13, 8.931079344708154
c20545cf079fcd100052faf6db21ee865023525f, 8.662652022153221
9d12b920015fc145b62c73ca689e71a362e33b35, 8.154500686095217
b152244728671db447c59ab0796fac9a423e1356, 8.37666102502339
79fb09750bdb85310622bf240e1060ef8de8bce1, 7.79046286871898
fe516d090eef192c93197ed87878da0e23908140, 8.580967728713675
f59fe9b15a7762aa5ffb0653396da3f4f2536553, 8.87344651788813
b6cb94c201726bd4e4dcadc007dba2c69933e0c1, 8.30355596031374
339fff79c43561c995b29972a962ccec846c599f, 8.294866730293727
aafa3b985fc5f4f1f6dbe50b8edc01713225dd2d, 8.339917156095773
cf84076c807f395016eaee41297162276781b963, 9.090087693922461
e85a95e2eddbdafe7db54351ce3680933e09d0a3, 8.34619419976029
945546f9d4db4b9599e57ffd4271193406f0d96b, 7.649884015300594
e58eaf39ea458008043bd1472f267706524f1fc2, 9.2246427042502
9b0622ca034d946055f8590f554fde632487742f, 8.418693836677637
df17da01944f34b2a6b59e8d45407c1297f9834a, 8.383361618867061
9b536900fbffe20f4db747af055dec68b3ddb6ab, 7.161914410621582
f156718d3970030deec27298f56fc78a00c00f5a, 8.271336095400782
dade8cdd2806e1efa138e68d984abd0ab1c87ced, 7.963965997222572
edc641c842df448a70ce315e00b6dd4461a260a9, 8.671185277883586
8beffc1494bb81af08c352aea875a183e45bd824, 8.479482440836918
a18783b2a14d61192a1b97ce3daca9e67cb8cd59, 8.272968886116109
980a5ef7011a98b8fa55e5ac3d7ebce6f7784286, 8.397385337123987
a688299300a50fed79edb502fb02fc503a564308, 8.44186220869208
c45bf22121eaa2f37dfec2f58729d22394ea220a, 8.43241972315515
88003ba023714648c4312658ad9a4b3703e56de0, 7.744485237800544
934776ec5bd2147907362602555bd692fc56aab9, 8.58506146070173
c13d9b5245d8fc600da9390192908048857599ea, 8.637658992940324
add7a23a1b66010154da076a059216a13b90191a, 7.799888200948686
e621f4d6991a537e4508648aa4c3fc278091ec1d, 8.706241946602216
baf05c058d7a427783ab9bde33f38d55ae8ac0cb, 8.60585682884073
ea2f8736bbf1d859fb5b46f848db37f421181bd4, 6.860327272648557
bc54069a859b02cf1b00e7ab77d68132f9021c8e, 8.528626314022869
55ef1cb9ba9a618396f8f82aefdc261d00864381, 8.54063337607873
eb870373b64f0be961f503936f7a725fca60fb32, 8.389109006335715
ef070fa973803bec505aeb6230acdd7a917e2a59, 8.630653765932303
e13e39c815ec66160db3c75b7331dc1a0dd1d4ce, 8.319205611656814
9aace874af47927645c48f21ffeb82f8e15f24e1, 9.073954172985015
f86b9fba1d59be7c864d4f23d0c7674113a27cab, 8.527095169747263
defaf0c38d68f9958bd180e1a709f130a999b2e6, 8.131008746477882
eaad1484ffa24b01432fa3564a8635bda0b4c34c, 8.439572280787573
c8d7193cba58a3bf26ba18f4ba5728c56ddcd4a3, 8.510568123322004
ce892387ba13c6b526d18de003b62c1bfe4c125f, 8.10543472362394
a5fbdd306fbe3003283cf2cb7ae4c371c9693290, 8.50096089768761
89cc639060f3d63cf21d893882e544497e32aeea, 8.45649345451446
875e48fd13e52a01a4d48d745d72128f25b9ec81, 8.714133672080933
f2d54f193cc71d429fd5803b2e4721d012afe568, 8.125460154195515
fe31861a03511f91760de27adfb8803e8ad321b8, 7.008984925056894
b2a46e3625d075ff330baf8e18019e1af424bc62, 7.030231903196798
ac164aef8492a4d178d0704b602f0522512dd913, 8.405664686227095
a40402ff4c87721e74766e6751bb458653b3e686, 8.772100934804538
bd9bd34617afb5bf1f3ff27e575c4df427ac32dc, 8.493925443825185
ab4e0b5338de7292c155831c4bd68a740ae6d05f, 7.160869181368793
eb2a090421ba380ba6c0a8119510e031bc4e55ea, 8.859606060271288
d08b1608a634fda68fd097f278ce9fd4ac24046a, 8.121999766449314
b7289b3b24fd67017ed82f62a889b4c9a0fb5ba4, 8.656302671988724
9a31bbe1021725b074357ae4668bed6eb7e46bc1, 7.539703983719721
eb7470e41cb0d50314e9755be518f55b093a4975, 8.84273281610642
a76e1891c401fc5f73f6942768488b1487533472, 8.67364397271007
a5f22a73b7cb93619da1f3cbc56febec52b1c16e, 7.29272605262698
851d9a4b9b8e236f2d62282ddf06fae57b7d9492, 8.69246480810835
96ded661b95e3d4d3cf1c8d45aeae3b335224583, 8.083219345646787
d20b8e96e5c520827768fe614961d0534c6f2680, 8.334593732457249
5235e36e00b0e927e6ce9f6f771ef92915857989, 7.216889387004861
cff1765d7a97d3f012a354586ccfd49fdaf6aa44, 8.353003328203128
f0d74f349e6479eaecf425634f8b0dd51e60d60c, 8.4724423343497
508e0627871ed482bd8ab34544e43e5d856a889c, 7.161727793477357
d525d6edf4b0c6362ddaa4814c3930a6a62bdc99, 8.249188993508639
b722e6209f2858faf0bf80947cadcbde586bb666, 7.077777273784778
b45e8d507778dab56f381a681c453cbf4d3b4050, 8.118406134821866
ea385e57f5d3d6841a6997dd7af680e135928bca, 8.326642389569574
